structure	version	field	files	nonbaseline_files	records	status	owner	consequence
Kontakt:0x03	0x73	master_tempo	3	3	3	decoded-unused	gpt-format-gaps	readable value; see family doc for runtime admission/unsupported consequence
Kontakt:0x03	0x73	master_tune	3	0	3	decoded-unused	gpt-format-gaps	readable value; see family doc for runtime admission/unsupported consequence
Kontakt:0x03	0x73	master_volume	3	0	3	decoded-unused	gpt-format-gaps	readable value; see family doc for runtime admission/unsupported consequence
Kontakt:0x03	0x73	name	3	3	3	decoded-unused	gpt-format-gaps	readable value; see family doc for runtime admission/unsupported consequence
Kontakt:0x03	0x73	private	3	3	3	raw/unknown	gpt-format-gaps	bounded region/framing; bytes are not independently named parameters
Kontakt:0x03	0x73	public	3	3	3	raw/unknown	gpt-format-gaps	bounded region/framing; bytes are not independently named parameters
Kontakt:0x03	0x73	structure	3	3	3	raw/unknown	gpt-format-gaps	bounded region/framing; bytes are not independently named parameters
Kontakt:0x03	0x76	master_tempo	50	50	50	decoded-unused	gpt-format-gaps	readable value; see family doc for runtime admission/unsupported consequence
Kontakt:0x03	0x76	master_tune	50	0	50	decoded-unused	gpt-format-gaps	readable value; see family doc for runtime admission/unsupported consequence
Kontakt:0x03	0x76	master_volume	50	0	50	decoded-unused	gpt-format-gaps	readable value; see family doc for runtime admission/unsupported consequence
Kontakt:0x03	0x76	name	50	50	50	decoded-unused	gpt-format-gaps	readable value; see family doc for runtime admission/unsupported consequence
Kontakt:0x03	0x76	private	50	50	50	raw/unknown	gpt-format-gaps	bounded region/framing; bytes are not independently named parameters
Kontakt:0x03	0x76	public	50	50	50	raw/unknown	gpt-format-gaps	bounded region/framing; bytes are not independently named parameters
Kontakt:0x03	0x76	structure	50	50	50	raw/unknown	gpt-format-gaps	bounded region/framing; bytes are not independently named parameters
Kontakt:0x04	0x95	fx_idx_amp_split_point	782	782	226278	decoded-unused	gpt-format-objects	readable value; see family doc for runtime admission/unsupported consequence
Kontakt:0x04	0x95	interp_quality	782	0	226278	decoded-unused	gpt-format-objects	readable value; see family doc for runtime admission/unsupported consequence
Kontakt:0x04	0x95	key_tracking	782	782	226278	decoded+used	gpt-format-objects	used by baseline translator; native law/selection parity not implied
Kontakt:0x04	0x95	midi_channel	782	0	226278	decoded-unused	gpt-format-objects	readable value; see family doc for runtime admission/unsupported consequence
Kontakt:0x04	0x95	muted	782	0	226278	decoded+used	gpt-format-objects	used by baseline translator; native law/selection parity not implied
Kontakt:0x04	0x95	name	782	782	226278	decoded-unused	gpt-format-objects	readable value; see family doc for runtime admission/unsupported consequence
Kontakt:0x04	0x95	pan	782	237	226278	decoded+used	gpt-format-objects	used by baseline translator; native law/selection parity not implied
Kontakt:0x04	0x95	private	782	782	226278	raw/unknown	gpt-format-objects	bounded region/framing; bytes are not independently named parameters
Kontakt:0x04	0x95	public	782	782	226278	raw/unknown	gpt-format-objects	bounded region/framing; bytes are not independently named parameters
Kontakt:0x04	0x95	release_trigger	782	352	226278	decoded+used	gpt-format-objects	used by baseline translator; native law/selection parity not implied
Kontakt:0x04	0x95	release_trigger_note_monophonic	782	771	226278	decoded+used	gpt-format-objects	used by baseline translator; native law/selection parity not implied
Kontakt:0x04	0x95	reverse	782	7	226278	decoded+used	gpt-format-objects	used by baseline translator; native law/selection parity not implied
Kontakt:0x04	0x95	rls_trig_counter	782	97	226278	decoded-unused	gpt-format-objects	readable value; see family doc for runtime admission/unsupported consequence
Kontakt:0x04	0x95	soloed	782	0	226278	decoded-unused	gpt-format-objects	readable value; see family doc for runtime admission/unsupported consequence
Kontakt:0x04	0x95	structure	782	782	226278	raw/unknown	gpt-format-objects	bounded region/framing; bytes are not independently named parameters
Kontakt:0x04	0x95	tune	782	4	226278	decoded+used	gpt-format-objects	used by baseline translator; native law/selection parity not implied
Kontakt:0x04	0x95	voice_group_index	782	351	226278	decoded+used	gpt-format-objects	used by baseline translator; native law/selection parity not implied
Kontakt:0x04	0x95	volume	782	766	226278	decoded+used	gpt-format-objects	used by baseline translator; native law/selection parity not implied
Kontakt:0x04	0x96	fx_idx_amp_split_point	52	52	5675	decoded-unused	gpt-format-objects	readable value; see family doc for runtime admission/unsupported consequence
Kontakt:0x04	0x96	interp_quality	52	0	5675	decoded-unused	gpt-format-objects	readable value; see family doc for runtime admission/unsupported consequence
Kontakt:0x04	0x96	key_tracking	52	52	5675	decoded+used	gpt-format-objects	used by baseline translator; native law/selection parity not implied
Kontakt:0x04	0x96	midi_channel	52	0	5675	decoded-unused	gpt-format-objects	readable value; see family doc for runtime admission/unsupported consequence
Kontakt:0x04	0x96	muted	52	0	5675	decoded+used	gpt-format-objects	used by baseline translator; native law/selection parity not implied
Kontakt:0x04	0x96	name	52	52	5675	decoded-unused	gpt-format-objects	readable value; see family doc for runtime admission/unsupported consequence
Kontakt:0x04	0x96	pan	52	1	5675	decoded+used	gpt-format-objects	used by baseline translator; native law/selection parity not implied
Kontakt:0x04	0x96	private	52	52	5675	raw/unknown	gpt-format-objects	bounded region/framing; bytes are not independently named parameters
Kontakt:0x04	0x96	public	52	52	5675	raw/unknown	gpt-format-objects	bounded region/framing; bytes are not independently named parameters
Kontakt:0x04	0x96	release_trigger	52	0	5675	decoded+used	gpt-format-objects	used by baseline translator; native law/selection parity not implied
Kontakt:0x04	0x96	release_trigger_note_monophonic	52	52	5675	decoded+used	gpt-format-objects	used by baseline translator; native law/selection parity not implied
Kontakt:0x04	0x96	reverse	52	0	5675	decoded+used	gpt-format-objects	used by baseline translator; native law/selection parity not implied
Kontakt:0x04	0x96	rls_trig_counter	52	0	5675	decoded-unused	gpt-format-objects	readable value; see family doc for runtime admission/unsupported consequence
Kontakt:0x04	0x96	soloed	52	0	5675	decoded-unused	gpt-format-objects	readable value; see family doc for runtime admission/unsupported consequence
Kontakt:0x04	0x96	structure	52	52	5675	raw/unknown	gpt-format-objects	bounded region/framing; bytes are not independently named parameters
Kontakt:0x04	0x96	tune	52	52	5675	decoded+used	gpt-format-objects	used by baseline translator; native law/selection parity not implied
Kontakt:0x04	0x96	voice_group_index	52	0	5675	decoded+used	gpt-format-objects	used by baseline translator; native law/selection parity not implied
Kontakt:0x04	0x96	volume	52	52	5675	decoded+used	gpt-format-objects	used by baseline translator; native law/selection parity not implied
Kontakt:0x05	0x60	alternating	787	3	2703129	decoded+used	gpt-format-objects	used by baseline translator; native law/selection parity not implied
Kontakt:0x05	0x60	count	787	0	2703129	decoded-unused	gpt-format-objects	readable value; see family doc for runtime admission/unsupported consequence
Kontakt:0x05	0x60	crossfade	787	733	2703129	decoded+used	gpt-format-objects	used by baseline translator; native law/selection parity not implied
Kontakt:0x05	0x60	length	787	787	2703129	decoded+used	gpt-format-objects	used by baseline translator; native law/selection parity not implied
Kontakt:0x05	0x60	mode	787	787	2703129	decoded+used	gpt-format-objects	used by baseline translator; native law/selection parity not implied
Kontakt:0x05	0x60	start	787	787	2703129	decoded+used	gpt-format-objects	used by baseline translator; native law/selection parity not implied
Kontakt:0x05	0x60	structure	787	787	2703129	raw/unknown	gpt-format-objects	bounded region/framing; bytes are not independently named parameters
Kontakt:0x05	0x60	tune	787	0	2703129	decoded-unused	gpt-format-objects	readable value; see family doc for runtime admission/unsupported consequence
Kontakt:0x06	0x60	linked_script	834	833	4715	decoded+used	gpt-decipher-persist	used by baseline translator; native law/selection parity not implied
Kontakt:0x06	0x60	private	834	0	4715	raw/unknown	gpt-decipher-persist	bounded region/framing; bytes are not independently named parameters
Kontakt:0x06	0x60	public	834	834	4715	raw/unknown	gpt-decipher-persist	bounded region/framing; bytes are not independently named parameters
Kontakt:0x06	0x60	structure	834	834	4715	raw/unknown	gpt-decipher-persist	bounded region/framing; bytes are not independently named parameters
Kontakt:0x07	0x90	private	1736	0	1633242	raw/unknown	gpt-format-fxmod	bounded region/framing; bytes are not independently named parameters
Kontakt:0x07	0x90	public	1736	176	1633242	raw/unknown	gpt-format-fxmod	bounded region/framing; bytes are not independently named parameters
Kontakt:0x07	0x90	structure	1736	1736	1633242	raw/unknown	gpt-format-fxmod	bounded region/framing; bytes are not independently named parameters
Kontakt:0x08	0x71	private	702	0	1684800	raw/unknown	gpt-format-fxmod	bounded region/framing; bytes are not independently named parameters
Kontakt:0x08	0x71	public	702	702	1684800	raw/unknown	gpt-format-fxmod	bounded region/framing; bytes are not independently named parameters
Kontakt:0x08	0x71	structure	702	702	1684800	raw/unknown	gpt-format-fxmod	bounded region/framing; bytes are not independently named parameters
Kontakt:0x08	0x73	private	153	0	377706	raw/unknown	gpt-format-fxmod	bounded region/framing; bytes are not independently named parameters
Kontakt:0x08	0x73	public	153	153	377706	raw/unknown	gpt-format-fxmod	bounded region/framing; bytes are not independently named parameters
Kontakt:0x08	0x73	structure	153	153	377706	raw/unknown	gpt-format-fxmod	bounded region/framing; bytes are not independently named parameters
Kontakt:0x0c	0x100	private	812	812	5962119	raw/unknown	gpt-format-fxmod	bounded region/framing; bytes are not independently named parameters
Kontakt:0x0c	0x100	public	812	0	5962119	raw/unknown	gpt-format-fxmod	bounded region/framing; bytes are not independently named parameters
Kontakt:0x0c	0x100	structure	812	812	5962119	raw/unknown	gpt-format-fxmod	bounded region/framing; bytes are not independently named parameters
Kontakt:0x0c	0x101	private	100	100	115236	raw/unknown	gpt-format-fxmod	bounded region/framing; bytes are not independently named parameters
Kontakt:0x0c	0x101	public	100	0	115236	raw/unknown	gpt-format-fxmod	bounded region/framing; bytes are not independently named parameters
Kontakt:0x0c	0x101	structure	100	100	115236	raw/unknown	gpt-format-fxmod	bounded region/framing; bytes are not independently named parameters
Kontakt:0x0c	0x102	private	667	667	1256463	raw/unknown	gpt-format-fxmod	bounded region/framing; bytes are not independently named parameters
Kontakt:0x0c	0x102	public	667	0	1256463	raw/unknown	gpt-format-fxmod	bounded region/framing; bytes are not independently named parameters
Kontakt:0x0c	0x102	structure	667	667	1256463	raw/unknown	gpt-format-fxmod	bounded region/framing; bytes are not independently named parameters
Kontakt:0x0c	0x103	private	31	31	116372	raw/unknown	gpt-format-fxmod	bounded region/framing; bytes are not independently named parameters
Kontakt:0x0c	0x103	public	31	0	116372	raw/unknown	gpt-format-fxmod	bounded region/framing; bytes are not independently named parameters
Kontakt:0x0c	0x103	structure	31	31	116372	raw/unknown	gpt-format-fxmod	bounded region/framing; bytes are not independently named parameters
Kontakt:0x0c	0x104	private	122	122	218554	raw/unknown	gpt-format-fxmod	bounded region/framing; bytes are not independently named parameters
Kontakt:0x0c	0x104	public	122	0	218554	raw/unknown	gpt-format-fxmod	bounded region/framing; bytes are not independently named parameters
Kontakt:0x0c	0x104	structure	122	122	218554	raw/unknown	gpt-format-fxmod	bounded region/framing; bytes are not independently named parameters
Kontakt:0x0d	0x80	private	812	812	2708938	raw/unknown	gpt-format-fxmod	bounded region/framing; bytes are not independently named parameters
Kontakt:0x0d	0x80	public	812	0	2708938	raw/unknown	gpt-format-fxmod	bounded region/framing; bytes are not independently named parameters
Kontakt:0x0d	0x80	structure	812	812	2708938	raw/unknown	gpt-format-fxmod	bounded region/framing; bytes are not independently named parameters
Kontakt:0x0d	0x81	private	924	924	986810	raw/unknown	gpt-format-fxmod	bounded region/framing; bytes are not independently named parameters
Kontakt:0x0d	0x81	public	924	0	986810	raw/unknown	gpt-format-fxmod	bounded region/framing; bytes are not independently named parameters
Kontakt:0x0d	0x81	structure	924	924	986810	raw/unknown	gpt-format-fxmod	bounded region/framing; bytes are not independently named parameters
Kontakt:0x10	0x51	private	705	0	5619	raw/unknown	gpt-format-fxmod	bounded region/framing; bytes are not independently named parameters
Kontakt:0x10	0x51	public	705	705	5619	raw/unknown	gpt-format-fxmod	bounded region/framing; bytes are not independently named parameters
Kontakt:0x10	0x51	structure	705	705	5619	raw/unknown	gpt-format-fxmod	bounded region/framing; bytes are not independently named parameters
Kontakt:0x11	0x51	private	705	0	705	raw/unknown	gpt-format-fxmod	bounded region/framing; bytes are not independently named parameters
Kontakt:0x11	0x51	public	705	705	705	raw/unknown	gpt-format-fxmod	bounded region/framing; bytes are not independently named parameters
Kontakt:0x11	0x51	structure	705	705	705	raw/unknown	gpt-format-fxmod	bounded region/framing; bytes are not independently named parameters
Kontakt:0x12	0x51	private	3	0	3	raw/unknown	gpt-format-fxmod	bounded region/framing; bytes are not independently named parameters
Kontakt:0x12	0x51	public	3	3	3	raw/unknown	gpt-format-fxmod	bounded region/framing; bytes are not independently named parameters
Kontakt:0x12	0x51	structure	3	3	3	raw/unknown	gpt-format-fxmod	bounded region/framing; bytes are not independently named parameters
Kontakt:0x13	0x50	private	296	0	602	raw/unknown	gpt-format-fxmod	bounded region/framing; bytes are not independently named parameters
Kontakt:0x13	0x50	public	296	296	602	raw/unknown	gpt-format-fxmod	bounded region/framing; bytes are not independently named parameters
Kontakt:0x13	0x50	structure	296	296	602	raw/unknown	gpt-format-fxmod	bounded region/framing; bytes are not independently named parameters
Kontakt:0x14	0x51	private	705	0	705	raw/unknown	gpt-format-fxmod	bounded region/framing; bytes are not independently named parameters
Kontakt:0x14	0x51	public	705	705	705	raw/unknown	gpt-format-fxmod	bounded region/framing; bytes are not independently named parameters
Kontakt:0x14	0x51	structure	705	705	705	raw/unknown	gpt-format-fxmod	bounded region/framing; bytes are not independently named parameters
Kontakt:0x15	0x50	private	702	0	2808	raw/unknown	gpt-format-fxmod	bounded region/framing; bytes are not independently named parameters
Kontakt:0x15	0x50	public	702	702	2808	raw/unknown	gpt-format-fxmod	bounded region/framing; bytes are not independently named parameters
Kontakt:0x15	0x50	structure	702	702	2808	raw/unknown	gpt-format-fxmod	bounded region/framing; bytes are not independently named parameters
Kontakt:0x16	0x70	private	1251	0	2236	raw/unknown	gpt-format-fxmod	bounded region/framing; bytes are not independently named parameters
Kontakt:0x16	0x70	public	1251	1251	2236	raw/unknown	gpt-format-fxmod	bounded region/framing; bytes are not independently named parameters
Kontakt:0x16	0x70	structure	1251	1251	2236	raw/unknown	gpt-format-fxmod	bounded region/framing; bytes are not independently named parameters
Kontakt:0x17	0x51	private	1715	0	2027	raw/unknown	gpt-format-fxmod	bounded region/framing; bytes are not independently named parameters
Kontakt:0x17	0x51	public	1715	1715	2027	raw/unknown	gpt-format-fxmod	bounded region/framing; bytes are not independently named parameters
Kontakt:0x17	0x51	structure	1715	1715	2027	raw/unknown	gpt-format-fxmod	bounded region/framing; bytes are not independently named parameters
Kontakt:0x18	0x92	private	1228	0	719272	raw/unknown	gpt-format-fxmod	bounded region/framing; bytes are not independently named parameters
Kontakt:0x18	0x92	public	1228	1228	719272	raw/unknown	gpt-format-fxmod	bounded region/framing; bytes are not independently named parameters
Kontakt:0x18	0x92	structure	1228	1228	719272	raw/unknown	gpt-format-fxmod	bounded region/framing; bytes are not independently named parameters
Kontakt:0x18	0x95	private	102	0	92317	raw/unknown	gpt-format-fxmod	bounded region/framing; bytes are not independently named parameters
Kontakt:0x18	0x95	public	102	102	92317	raw/unknown	gpt-format-fxmod	bounded region/framing; bytes are not independently named parameters
Kontakt:0x18	0x95	structure	102	102	92317	raw/unknown	gpt-format-fxmod	bounded region/framing; bytes are not independently named parameters
Kontakt:0x19	0x70	private	808	0	3719	raw/unknown	gpt-format-fxmod	bounded region/framing; bytes are not independently named parameters
Kontakt:0x19	0x70	public	808	808	3719	raw/unknown	gpt-format-fxmod	bounded region/framing; bytes are not independently named parameters
Kontakt:0x19	0x70	structure	808	808	3719	raw/unknown	gpt-format-fxmod	bounded region/framing; bytes are not independently named parameters
Kontakt:0x1a	0x60	private	832	0	191503	raw/unknown	gpt-format-fxmod	bounded region/framing; bytes are not independently named parameters
Kontakt:0x1a	0x60	public	832	805	191503	raw/unknown	gpt-format-fxmod	bounded region/framing; bytes are not independently named parameters
Kontakt:0x1a	0x60	structure	832	832	191503	raw/unknown	gpt-format-fxmod	bounded region/framing; bytes are not independently named parameters
Kontakt:0x1c	0x60	private	702	0	702	raw/unknown	gpt-format-fxmod	bounded region/framing; bytes are not independently named parameters
Kontakt:0x1c	0x60	public	702	702	702	raw/unknown	gpt-format-fxmod	bounded region/framing; bytes are not independently named parameters
Kontakt:0x1c	0x60	structure	702	702	702	raw/unknown	gpt-format-fxmod	bounded region/framing; bytes are not independently named parameters
Kontakt:0x1d	0x80	private	810	0	339428	raw/unknown	gpt-format-fxmod	bounded region/framing; bytes are not independently named parameters
Kontakt:0x1d	0x80	public	810	731	339428	raw/unknown	gpt-format-fxmod	bounded region/framing; bytes are not independently named parameters
Kontakt:0x1d	0x80	structure	810	810	339428	raw/unknown	gpt-format-fxmod	bounded region/framing; bytes are not independently named parameters
Kontakt:0x1e	0x60	private	706	0	339070	raw/unknown	gpt-format-fxmod	bounded region/framing; bytes are not independently named parameters
Kontakt:0x1e	0x60	public	706	706	339070	raw/unknown	gpt-format-fxmod	bounded region/framing; bytes are not independently named parameters
Kontakt:0x1e	0x60	structure	706	706	339070	raw/unknown	gpt-format-fxmod	bounded region/framing; bytes are not independently named parameters
Kontakt:0x1f	0x70	private	1265	0	26135	raw/unknown	gpt-format-fxmod	bounded region/framing; bytes are not independently named parameters
Kontakt:0x1f	0x70	public	1265	1085	26135	raw/unknown	gpt-format-fxmod	bounded region/framing; bytes are not independently named parameters
Kontakt:0x1f	0x70	structure	1265	1265	26135	raw/unknown	gpt-format-fxmod	bounded region/framing; bytes are not independently named parameters
Kontakt:0x20	0x70	private	705	0	339069	raw/unknown	gpt-format-fxmod	bounded region/framing; bytes are not independently named parameters
Kontakt:0x20	0x70	public	705	705	339069	raw/unknown	gpt-format-fxmod	bounded region/framing; bytes are not independently named parameters
Kontakt:0x20	0x70	structure	705	705	339069	raw/unknown	gpt-format-fxmod	bounded region/framing; bytes are not independently named parameters
Kontakt:0x21	0x50	private	104	0	286	raw/unknown	gpt-format-fxmod	bounded region/framing; bytes are not independently named parameters
Kontakt:0x21	0x50	public	104	104	286	raw/unknown	gpt-format-fxmod	bounded region/framing; bytes are not independently named parameters
Kontakt:0x21	0x50	structure	104	104	286	raw/unknown	gpt-format-fxmod	bounded region/framing; bytes are not independently named parameters
Kontakt:0x22	0x50	private	3	0	3	raw/unknown	gpt-format-fxmod	bounded region/framing; bytes are not independently named parameters
Kontakt:0x22	0x50	public	3	3	3	raw/unknown	gpt-format-fxmod	bounded region/framing; bytes are not independently named parameters
Kontakt:0x22	0x50	structure	3	3	3	raw/unknown	gpt-format-fxmod	bounded region/framing; bytes are not independently named parameters
Kontakt:0x25	0x50	bypass	1736	1309	2072739	decoded+used	gpt-format-fxmod	used by baseline translator; native law/selection parity not implied
Kontakt:0x25	0x50	dry_level	1736	1736	2072739	decoded+used	gpt-format-fxmod	used by baseline translator; native law/selection parity not implied
Kontakt:0x25	0x50	effect_type	1736	1736	2072739	decoded+used	gpt-format-fxmod	used by baseline translator; native law/selection parity not implied
Kontakt:0x25	0x50	output_gain	1736	1349	2072739	decoded+used	gpt-format-fxmod	used by baseline translator; native law/selection parity not implied
Kontakt:0x25	0x50	private	1736	1736	2072739	raw/unknown	gpt-format-fxmod	bounded region/framing; bytes are not independently named parameters
Kontakt:0x25	0x50	public	1736	0	2072739	raw/unknown	gpt-format-fxmod	bounded region/framing; bytes are not independently named parameters
Kontakt:0x25	0x50	structure	1736	1736	2072739	raw/unknown	gpt-format-fxmod	bounded region/framing; bytes are not independently named parameters
Kontakt:0x28	0xa8	cat_icon_idx	3	3	3	decoded-unused	gpt-format-objects	readable value; see family doc for runtime admission/unsupported consequence
Kontakt:0x28	0xa8	default_key_switch	3	0	3	decoded-unused	gpt-format-objects	readable value; see family doc for runtime admission/unsupported consequence
Kontakt:0x28	0xa8	dfd_channel_preload_size	3	3	3	decoded-unused	gpt-format-objects	readable value; see family doc for runtime admission/unsupported consequence
Kontakt:0x28	0xa8	fingerprint	3	0	3	raw/unknown	gpt-format-objects	bounded region/framing; bytes are not independently named parameters
Kontakt:0x28	0xa8	group_solo	3	0	3	decoded-unused	gpt-format-objects	readable value; see family doc for runtime admission/unsupported consequence
Kontakt:0x28	0xa8	high_key	3	0	3	decoded-unused	gpt-format-objects	readable value; see family doc for runtime admission/unsupported consequence
Kontakt:0x28	0xa8	high_velocity	3	0	3	decoded-unused	gpt-format-objects	readable value; see family doc for runtime admission/unsupported consequence
Kontakt:0x28	0xa8	instrument_author	3	3	3	decoded-unused	gpt-format-objects	readable value; see family doc for runtime admission/unsupported consequence
Kontakt:0x28	0xa8	instrument_cat1	3	0	3	decoded-unused	gpt-format-objects	readable value; see family doc for runtime admission/unsupported consequence
Kontakt:0x28	0xa8	instrument_cat2	3	0	3	decoded-unused	gpt-format-objects	readable value; see family doc for runtime admission/unsupported consequence
Kontakt:0x28	0xa8	instrument_cat3	3	0	3	decoded-unused	gpt-format-objects	readable value; see family doc for runtime admission/unsupported consequence
Kontakt:0x28	0xa8	instrument_credits	3	3	3	decoded-unused	gpt-format-objects	readable value; see family doc for runtime admission/unsupported consequence
Kontakt:0x28	0xa8	instrument_url	3	3	3	decoded-unused	gpt-format-objects	readable value; see family doc for runtime admission/unsupported consequence
Kontakt:0x28	0xa8	library_id	3	3	3	decoded-unused	gpt-format-objects	readable value; see family doc for runtime admission/unsupported consequence
Kontakt:0x28	0xa8	loading_flags	3	3	3	raw/unknown	gpt-format-objects	bounded region/framing; bytes are not independently named parameters
Kontakt:0x28	0xa8	low_key	3	0	3	decoded-unused	gpt-format-objects	readable value; see family doc for runtime admission/unsupported consequence
Kontakt:0x28	0xa8	low_velocity	3	3	3	decoded-unused	gpt-format-objects	readable value; see family doc for runtime admission/unsupported consequence
Kontakt:0x28	0xa8	name	3	3	3	decoded-unused	gpt-format-objects	readable value; see family doc for runtime admission/unsupported consequence
Kontakt:0x28	0xa8	num_bytes_samples_total	3	3	3	decoded-unused	gpt-format-objects	readable value; see family doc for runtime admission/unsupported consequence
Kontakt:0x28	0xa8	pan	3	2	3	decoded+used	gpt-format-objects	used by baseline translator; native law/selection parity not implied
Kontakt:0x28	0xa8	private	3	3	3	raw/unknown	gpt-format-objects	bounded region/framing; bytes are not independently named parameters
Kontakt:0x28	0xa8	public	3	3	3	raw/unknown	gpt-format-objects	bounded region/framing; bytes are not independently named parameters
Kontakt:0x28	0xa8	resource_container_filename	3	0	3	decoded-unused	gpt-format-objects	readable value; see family doc for runtime admission/unsupported consequence
Kontakt:0x28	0xa8	structure	3	3	3	raw/unknown	gpt-format-objects	bounded region/framing; bytes are not independently named parameters
Kontakt:0x28	0xa8	transpose	3	0	3	decoded+used	gpt-format-objects	used by baseline translator; native law/selection parity not implied
Kontakt:0x28	0xa8	tune	3	0	3	decoded+used	gpt-format-objects	used by baseline translator; native law/selection parity not implied
Kontakt:0x28	0xa8	volume	3	3	3	decoded+used	gpt-format-objects	used by baseline translator; native law/selection parity not implied
Kontakt:0x28	0xa8	wallpaper_filename	3	0	3	decoded-unused	gpt-format-objects	readable value; see family doc for runtime admission/unsupported consequence
Kontakt:0x28	0xab	cat_icon_idx	8	8	8	decoded-unused	gpt-format-objects	readable value; see family doc for runtime admission/unsupported consequence
Kontakt:0x28	0xab	default_key_switch	8	6	8	decoded-unused	gpt-format-objects	readable value; see family doc for runtime admission/unsupported consequence
Kontakt:0x28	0xab	dfd_channel_preload_size	8	8	8	decoded-unused	gpt-format-objects	readable value; see family doc for runtime admission/unsupported consequence
Kontakt:0x28	0xab	fingerprint	8	0	8	raw/unknown	gpt-format-objects	bounded region/framing; bytes are not independently named parameters
Kontakt:0x28	0xab	group_solo	8	0	8	decoded-unused	gpt-format-objects	readable value; see family doc for runtime admission/unsupported consequence
Kontakt:0x28	0xab	high_key	8	0	8	decoded-unused	gpt-format-objects	readable value; see family doc for runtime admission/unsupported consequence
Kontakt:0x28	0xab	high_velocity	8	0	8	decoded-unused	gpt-format-objects	readable value; see family doc for runtime admission/unsupported consequence
Kontakt:0x28	0xab	instrument_author	8	8	8	decoded-unused	gpt-format-objects	readable value; see family doc for runtime admission/unsupported consequence
Kontakt:0x28	0xab	instrument_cat1	8	0	8	decoded-unused	gpt-format-objects	readable value; see family doc for runtime admission/unsupported consequence
Kontakt:0x28	0xab	instrument_cat2	8	0	8	decoded-unused	gpt-format-objects	readable value; see family doc for runtime admission/unsupported consequence
Kontakt:0x28	0xab	instrument_cat3	8	0	8	decoded-unused	gpt-format-objects	readable value; see family doc for runtime admission/unsupported consequence
Kontakt:0x28	0xab	instrument_credits	8	8	8	decoded-unused	gpt-format-objects	readable value; see family doc for runtime admission/unsupported consequence
Kontakt:0x28	0xab	instrument_url	8	8	8	decoded-unused	gpt-format-objects	readable value; see family doc for runtime admission/unsupported consequence
Kontakt:0x28	0xab	library_id	8	1	8	decoded-unused	gpt-format-objects	readable value; see family doc for runtime admission/unsupported consequence
Kontakt:0x28	0xab	loading_flags	8	8	8	raw/unknown	gpt-format-objects	bounded region/framing; bytes are not independently named parameters
Kontakt:0x28	0xab	low_key	8	0	8	decoded-unused	gpt-format-objects	readable value; see family doc for runtime admission/unsupported consequence
Kontakt:0x28	0xab	low_velocity	8	8	8	decoded-unused	gpt-format-objects	readable value; see family doc for runtime admission/unsupported consequence
Kontakt:0x28	0xab	name	8	8	8	decoded-unused	gpt-format-objects	readable value; see family doc for runtime admission/unsupported consequence
Kontakt:0x28	0xab	num_bytes_samples_total	8	8	8	decoded-unused	gpt-format-objects	readable value; see family doc for runtime admission/unsupported consequence
Kontakt:0x28	0xab	pan	8	0	8	decoded+used	gpt-format-objects	used by baseline translator; native law/selection parity not implied
Kontakt:0x28	0xab	private	8	8	8	raw/unknown	gpt-format-objects	bounded region/framing; bytes are not independently named parameters
Kontakt:0x28	0xab	private[4096..]	1	1	1	raw/unknown	gpt-format-objects	bounded region/framing; bytes are not independently named parameters
Kontakt:0x28	0xab	public	8	8	8	raw/unknown	gpt-format-objects	bounded region/framing; bytes are not independently named parameters
Kontakt:0x28	0xab	resource_container_filename	8	0	8	decoded-unused	gpt-format-objects	readable value; see family doc for runtime admission/unsupported consequence
Kontakt:0x28	0xab	structure	8	8	8	raw/unknown	gpt-format-objects	bounded region/framing; bytes are not independently named parameters
Kontakt:0x28	0xab	transpose	8	0	8	decoded+used	gpt-format-objects	used by baseline translator; native law/selection parity not implied
Kontakt:0x28	0xab	tune	8	0	8	decoded+used	gpt-format-objects	used by baseline translator; native law/selection parity not implied
Kontakt:0x28	0xab	volume	8	8	8	decoded+used	gpt-format-objects	used by baseline translator; native law/selection parity not implied
Kontakt:0x28	0xab	wallpaper_filename	8	0	8	decoded-unused	gpt-format-objects	readable value; see family doc for runtime admission/unsupported consequence
Kontakt:0x28	0xae	cat_icon_idx	729	729	729	decoded-unused	gpt-format-objects	readable value; see family doc for runtime admission/unsupported consequence
Kontakt:0x28	0xae	default_key_switch	729	8	729	decoded-unused	gpt-format-objects	readable value; see family doc for runtime admission/unsupported consequence
Kontakt:0x28	0xae	dfd_channel_preload_size	729	729	729	decoded-unused	gpt-format-objects	readable value; see family doc for runtime admission/unsupported consequence
Kontakt:0x28	0xae	fingerprint	729	0	729	raw/unknown	gpt-format-objects	bounded region/framing; bytes are not independently named parameters
Kontakt:0x28	0xae	group_solo	729	0	729	decoded-unused	gpt-format-objects	readable value; see family doc for runtime admission/unsupported consequence
Kontakt:0x28	0xae	high_key	729	0	729	decoded-unused	gpt-format-objects	readable value; see family doc for runtime admission/unsupported consequence
Kontakt:0x28	0xae	high_velocity	729	0	729	decoded-unused	gpt-format-objects	readable value; see family doc for runtime admission/unsupported consequence
Kontakt:0x28	0xae	instrument_author	729	729	729	decoded-unused	gpt-format-objects	readable value; see family doc for runtime admission/unsupported consequence
Kontakt:0x28	0xae	instrument_cat1	729	0	729	decoded-unused	gpt-format-objects	readable value; see family doc for runtime admission/unsupported consequence
Kontakt:0x28	0xae	instrument_cat2	729	0	729	decoded-unused	gpt-format-objects	readable value; see family doc for runtime admission/unsupported consequence
Kontakt:0x28	0xae	instrument_cat3	729	0	729	decoded-unused	gpt-format-objects	readable value; see family doc for runtime admission/unsupported consequence
Kontakt:0x28	0xae	instrument_credits	729	729	729	decoded-unused	gpt-format-objects	readable value; see family doc for runtime admission/unsupported consequence
Kontakt:0x28	0xae	instrument_url	729	729	729	decoded-unused	gpt-format-objects	readable value; see family doc for runtime admission/unsupported consequence
Kontakt:0x28	0xae	library_id	729	680	729	decoded-unused	gpt-format-objects	readable value; see family doc for runtime admission/unsupported consequence
Kontakt:0x28	0xae	loading_flags	729	729	729	raw/unknown	gpt-format-objects	bounded region/framing; bytes are not independently named parameters
Kontakt:0x28	0xae	low_key	729	0	729	decoded-unused	gpt-format-objects	readable value; see family doc for runtime admission/unsupported consequence
Kontakt:0x28	0xae	low_velocity	729	729	729	decoded-unused	gpt-format-objects	readable value; see family doc for runtime admission/unsupported consequence
Kontakt:0x28	0xae	name	729	729	729	decoded-unused	gpt-format-objects	readable value; see family doc for runtime admission/unsupported consequence
Kontakt:0x28	0xae	num_bytes_samples_total	729	729	729	decoded-unused	gpt-format-objects	readable value; see family doc for runtime admission/unsupported consequence
Kontakt:0x28	0xae	pan	729	0	729	decoded+used	gpt-format-objects	used by baseline translator; native law/selection parity not implied
Kontakt:0x28	0xae	private	729	729	729	raw/unknown	gpt-format-objects	bounded region/framing; bytes are not independently named parameters
Kontakt:0x28	0xae	public	729	729	729	raw/unknown	gpt-format-objects	bounded region/framing; bytes are not independently named parameters
Kontakt:0x28	0xae	resource_container_filename	729	0	729	decoded-unused	gpt-format-objects	readable value; see family doc for runtime admission/unsupported consequence
Kontakt:0x28	0xae	structure	729	729	729	raw/unknown	gpt-format-objects	bounded region/framing; bytes are not independently named parameters
Kontakt:0x28	0xae	transpose	729	0	729	decoded+used	gpt-format-objects	used by baseline translator; native law/selection parity not implied
Kontakt:0x28	0xae	tune	729	0	729	decoded+used	gpt-format-objects	used by baseline translator; native law/selection parity not implied
Kontakt:0x28	0xae	volume	729	594	729	decoded+used	gpt-format-objects	used by baseline translator; native law/selection parity not implied
Kontakt:0x28	0xae	wallpaper_filename	729	0	729	decoded-unused	gpt-format-objects	readable value; see family doc for runtime admission/unsupported consequence
Kontakt:0x28	0xb1	cat_icon_idx	42	42	48	decoded-unused	gpt-format-objects	readable value; see family doc for runtime admission/unsupported consequence
Kontakt:0x28	0xb1	default_key_switch	42	0	48	decoded-unused	gpt-format-objects	readable value; see family doc for runtime admission/unsupported consequence
Kontakt:0x28	0xb1	dfd_channel_preload_size	42	42	48	decoded-unused	gpt-format-objects	readable value; see family doc for runtime admission/unsupported consequence
Kontakt:0x28	0xb1	fingerprint	42	0	48	raw/unknown	gpt-format-objects	bounded region/framing; bytes are not independently named parameters
Kontakt:0x28	0xb1	group_solo	42	0	48	decoded-unused	gpt-format-objects	readable value; see family doc for runtime admission/unsupported consequence
Kontakt:0x28	0xb1	high_key	42	0	48	decoded-unused	gpt-format-objects	readable value; see family doc for runtime admission/unsupported consequence
Kontakt:0x28	0xb1	high_velocity	42	0	48	decoded-unused	gpt-format-objects	readable value; see family doc for runtime admission/unsupported consequence
Kontakt:0x28	0xb1	instrument_author	42	42	48	decoded-unused	gpt-format-objects	readable value; see family doc for runtime admission/unsupported consequence
Kontakt:0x28	0xb1	instrument_cat1	42	0	48	decoded-unused	gpt-format-objects	readable value; see family doc for runtime admission/unsupported consequence
Kontakt:0x28	0xb1	instrument_cat2	42	0	48	decoded-unused	gpt-format-objects	readable value; see family doc for runtime admission/unsupported consequence
Kontakt:0x28	0xb1	instrument_cat3	42	0	48	decoded-unused	gpt-format-objects	readable value; see family doc for runtime admission/unsupported consequence
Kontakt:0x28	0xb1	instrument_credits	42	42	48	decoded-unused	gpt-format-objects	readable value; see family doc for runtime admission/unsupported consequence
Kontakt:0x28	0xb1	instrument_url	42	42	48	decoded-unused	gpt-format-objects	readable value; see family doc for runtime admission/unsupported consequence
Kontakt:0x28	0xb1	library_id	42	42	48	decoded-unused	gpt-format-objects	readable value; see family doc for runtime admission/unsupported consequence
Kontakt:0x28	0xb1	loading_flags	42	42	48	raw/unknown	gpt-format-objects	bounded region/framing; bytes are not independently named parameters
Kontakt:0x28	0xb1	low_key	42	0	48	decoded-unused	gpt-format-objects	readable value; see family doc for runtime admission/unsupported consequence
Kontakt:0x28	0xb1	low_velocity	42	42	48	decoded-unused	gpt-format-objects	readable value; see family doc for runtime admission/unsupported consequence
Kontakt:0x28	0xb1	name	42	42	48	decoded-unused	gpt-format-objects	readable value; see family doc for runtime admission/unsupported consequence
Kontakt:0x28	0xb1	num_bytes_samples_total	42	42	48	decoded-unused	gpt-format-objects	readable value; see family doc for runtime admission/unsupported consequence
Kontakt:0x28	0xb1	pan	42	0	48	decoded+used	gpt-format-objects	used by baseline translator; native law/selection parity not implied
Kontakt:0x28	0xb1	private	42	42	48	raw/unknown	gpt-format-objects	bounded region/framing; bytes are not independently named parameters
Kontakt:0x28	0xb1	public	42	42	48	raw/unknown	gpt-format-objects	bounded region/framing; bytes are not independently named parameters
Kontakt:0x28	0xb1	resource_container_filename	42	0	48	decoded-unused	gpt-format-objects	readable value; see family doc for runtime admission/unsupported consequence
Kontakt:0x28	0xb1	structure	42	42	48	raw/unknown	gpt-format-objects	bounded region/framing; bytes are not independently named parameters
Kontakt:0x28	0xb1	transpose	42	0	48	decoded+used	gpt-format-objects	used by baseline translator; native law/selection parity not implied
Kontakt:0x28	0xb1	tune	42	0	48	decoded+used	gpt-format-objects	used by baseline translator; native law/selection parity not implied
Kontakt:0x28	0xb1	volume	42	38	48	decoded+used	gpt-format-objects	used by baseline translator; native law/selection parity not implied
Kontakt:0x28	0xb1	wallpaper_filename	42	0	48	decoded-unused	gpt-format-objects	readable value; see family doc for runtime admission/unsupported consequence
Kontakt:0x28	0xb3	cat_icon_idx	31	31	61	decoded-unused	gpt-format-objects	readable value; see family doc for runtime admission/unsupported consequence
Kontakt:0x28	0xb3	default_key_switch	31	0	61	decoded-unused	gpt-format-objects	readable value; see family doc for runtime admission/unsupported consequence
Kontakt:0x28	0xb3	dfd_channel_preload_size	31	31	61	decoded-unused	gpt-format-objects	readable value; see family doc for runtime admission/unsupported consequence
Kontakt:0x28	0xb3	fingerprint	31	0	61	raw/unknown	gpt-format-objects	bounded region/framing; bytes are not independently named parameters
Kontakt:0x28	0xb3	group_solo	31	0	61	decoded-unused	gpt-format-objects	readable value; see family doc for runtime admission/unsupported consequence
Kontakt:0x28	0xb3	high_key	31	0	61	decoded-unused	gpt-format-objects	readable value; see family doc for runtime admission/unsupported consequence
Kontakt:0x28	0xb3	high_velocity	31	0	61	decoded-unused	gpt-format-objects	readable value; see family doc for runtime admission/unsupported consequence
Kontakt:0x28	0xb3	instrument_author	31	31	61	decoded-unused	gpt-format-objects	readable value; see family doc for runtime admission/unsupported consequence
Kontakt:0x28	0xb3	instrument_cat1	31	0	61	decoded-unused	gpt-format-objects	readable value; see family doc for runtime admission/unsupported consequence
Kontakt:0x28	0xb3	instrument_cat2	31	0	61	decoded-unused	gpt-format-objects	readable value; see family doc for runtime admission/unsupported consequence
Kontakt:0x28	0xb3	instrument_cat3	31	0	61	decoded-unused	gpt-format-objects	readable value; see family doc for runtime admission/unsupported consequence
Kontakt:0x28	0xb3	instrument_credits	31	31	61	decoded-unused	gpt-format-objects	readable value; see family doc for runtime admission/unsupported consequence
Kontakt:0x28	0xb3	instrument_url	31	31	61	decoded-unused	gpt-format-objects	readable value; see family doc for runtime admission/unsupported consequence
Kontakt:0x28	0xb3	library_id	31	31	61	decoded-unused	gpt-format-objects	readable value; see family doc for runtime admission/unsupported consequence
Kontakt:0x28	0xb3	loading_flags	31	31	61	raw/unknown	gpt-format-objects	bounded region/framing; bytes are not independently named parameters
Kontakt:0x28	0xb3	low_key	31	0	61	decoded-unused	gpt-format-objects	readable value; see family doc for runtime admission/unsupported consequence
Kontakt:0x28	0xb3	low_velocity	31	31	61	decoded-unused	gpt-format-objects	readable value; see family doc for runtime admission/unsupported consequence
Kontakt:0x28	0xb3	name	31	31	61	decoded-unused	gpt-format-objects	readable value; see family doc for runtime admission/unsupported consequence
Kontakt:0x28	0xb3	num_bytes_samples_total	31	31	61	decoded-unused	gpt-format-objects	readable value; see family doc for runtime admission/unsupported consequence
Kontakt:0x28	0xb3	pan	31	0	61	decoded+used	gpt-format-objects	used by baseline translator; native law/selection parity not implied
Kontakt:0x28	0xb3	private	31	31	61	raw/unknown	gpt-format-objects	bounded region/framing; bytes are not independently named parameters
Kontakt:0x28	0xb3	public	31	31	61	raw/unknown	gpt-format-objects	bounded region/framing; bytes are not independently named parameters
Kontakt:0x28	0xb3	resource_container_filename	31	0	61	decoded-unused	gpt-format-objects	readable value; see family doc for runtime admission/unsupported consequence
Kontakt:0x28	0xb3	structure	31	31	61	raw/unknown	gpt-format-objects	bounded region/framing; bytes are not independently named parameters
Kontakt:0x28	0xb3	transpose	31	0	61	decoded+used	gpt-format-objects	used by baseline translator; native law/selection parity not implied
Kontakt:0x28	0xb3	tune	31	0	61	decoded+used	gpt-format-objects	used by baseline translator; native law/selection parity not implied
Kontakt:0x28	0xb3	volume	31	31	61	decoded+used	gpt-format-objects	used by baseline translator; native law/selection parity not implied
Kontakt:0x28	0xb3	wallpaper_filename	31	0	61	decoded-unused	gpt-format-objects	readable value; see family doc for runtime admission/unsupported consequence
Kontakt:0x28	0xb5	cat_icon_idx	21	21	41	decoded-unused	gpt-format-objects	readable value; see family doc for runtime admission/unsupported consequence
Kontakt:0x28	0xb5	default_key_switch	21	0	41	decoded-unused	gpt-format-objects	readable value; see family doc for runtime admission/unsupported consequence
Kontakt:0x28	0xb5	dfd_channel_preload_size	21	21	41	decoded-unused	gpt-format-objects	readable value; see family doc for runtime admission/unsupported consequence
Kontakt:0x28	0xb5	fingerprint	21	0	41	raw/unknown	gpt-format-objects	bounded region/framing; bytes are not independently named parameters
Kontakt:0x28	0xb5	group_solo	21	0	41	decoded-unused	gpt-format-objects	readable value; see family doc for runtime admission/unsupported consequence
Kontakt:0x28	0xb5	high_key	21	0	41	decoded-unused	gpt-format-objects	readable value; see family doc for runtime admission/unsupported consequence
Kontakt:0x28	0xb5	high_velocity	21	0	41	decoded-unused	gpt-format-objects	readable value; see family doc for runtime admission/unsupported consequence
Kontakt:0x28	0xb5	instrument_author	21	21	41	decoded-unused	gpt-format-objects	readable value; see family doc for runtime admission/unsupported consequence
Kontakt:0x28	0xb5	instrument_cat1	21	0	41	decoded-unused	gpt-format-objects	readable value; see family doc for runtime admission/unsupported consequence
Kontakt:0x28	0xb5	instrument_cat2	21	0	41	decoded-unused	gpt-format-objects	readable value; see family doc for runtime admission/unsupported consequence
Kontakt:0x28	0xb5	instrument_cat3	21	0	41	decoded-unused	gpt-format-objects	readable value; see family doc for runtime admission/unsupported consequence
Kontakt:0x28	0xb5	instrument_credits	21	21	41	decoded-unused	gpt-format-objects	readable value; see family doc for runtime admission/unsupported consequence
Kontakt:0x28	0xb5	instrument_url	21	21	41	decoded-unused	gpt-format-objects	readable value; see family doc for runtime admission/unsupported consequence
Kontakt:0x28	0xb5	library_id	21	20	41	decoded-unused	gpt-format-objects	readable value; see family doc for runtime admission/unsupported consequence
Kontakt:0x28	0xb5	loading_flags	21	21	41	raw/unknown	gpt-format-objects	bounded region/framing; bytes are not independently named parameters
Kontakt:0x28	0xb5	low_key	21	0	41	decoded-unused	gpt-format-objects	readable value; see family doc for runtime admission/unsupported consequence
Kontakt:0x28	0xb5	low_velocity	21	21	41	decoded-unused	gpt-format-objects	readable value; see family doc for runtime admission/unsupported consequence
Kontakt:0x28	0xb5	name	21	21	41	decoded-unused	gpt-format-objects	readable value; see family doc for runtime admission/unsupported consequence
Kontakt:0x28	0xb5	num_bytes_samples_total	21	21	41	decoded-unused	gpt-format-objects	readable value; see family doc for runtime admission/unsupported consequence
Kontakt:0x28	0xb5	pan	21	0	41	decoded+used	gpt-format-objects	used by baseline translator; native law/selection parity not implied
Kontakt:0x28	0xb5	private	21	21	41	raw/unknown	gpt-format-objects	bounded region/framing; bytes are not independently named parameters
Kontakt:0x28	0xb5	public	21	21	41	raw/unknown	gpt-format-objects	bounded region/framing; bytes are not independently named parameters
Kontakt:0x28	0xb5	resource_container_filename	21	0	41	decoded-unused	gpt-format-objects	readable value; see family doc for runtime admission/unsupported consequence
Kontakt:0x28	0xb5	structure	21	21	41	raw/unknown	gpt-format-objects	bounded region/framing; bytes are not independently named parameters
Kontakt:0x28	0xb5	transpose	21	0	41	decoded+used	gpt-format-objects	used by baseline translator; native law/selection parity not implied
Kontakt:0x28	0xb5	tune	21	0	41	decoded+used	gpt-format-objects	used by baseline translator; native law/selection parity not implied
Kontakt:0x28	0xb5	volume	21	21	41	decoded+used	gpt-format-objects	used by baseline translator; native law/selection parity not implied
Kontakt:0x28	0xb5	wallpaper_filename	21	0	41	decoded-unused	gpt-format-objects	readable value; see family doc for runtime admission/unsupported consequence
Kontakt:0x29	0x51	private	53	53	109	raw/unknown	gpt-format-gaps	bounded region/framing; bytes are not independently named parameters
Kontakt:0x29	0x51	public	53	53	109	raw/unknown	gpt-format-gaps	bounded region/framing; bytes are not independently named parameters
Kontakt:0x29	0x51	structure	53	53	109	raw/unknown	gpt-format-gaps	bounded region/framing; bytes are not independently named parameters
Kontakt:0x2b	0x60	private	53	0	109	raw/unknown	gpt-format-objects	bounded region/framing; bytes are not independently named parameters
Kontakt:0x2b	0x60	public	53	53	109	raw/unknown	gpt-format-objects	bounded region/framing; bytes are not independently named parameters
Kontakt:0x2b	0x60	structure	53	53	109	raw/unknown	gpt-format-objects	bounded region/framing; bytes are not independently named parameters
Kontakt:0x2c	0x98	fade_high_key	4	0	108830	decoded+used	gpt-format-objects	used by baseline translator; native law/selection parity not implied
Kontakt:0x2c	0x98	fade_high_velocity	4	1	108830	decoded+used	gpt-format-objects	used by baseline translator; native law/selection parity not implied
Kontakt:0x2c	0x98	fade_low_key	4	0	108830	decoded+used	gpt-format-objects	used by baseline translator; native law/selection parity not implied
Kontakt:0x2c	0x98	fade_low_velocity	4	1	108830	decoded+used	gpt-format-objects	used by baseline translator; native law/selection parity not implied
Kontakt:0x2c	0x98	filename_id	4	4	108830	decoded+used	gpt-format-objects	used by baseline translator; native law/selection parity not implied
Kontakt:0x2c	0x98	high_key	4	4	108830	decoded+used	gpt-format-objects	used by baseline translator; native law/selection parity not implied
Kontakt:0x2c	0x98	high_velocity	4	4	108830	decoded+used	gpt-format-objects	used by baseline translator; native law/selection parity not implied
Kontakt:0x2c	0x98	low_key	4	4	108830	decoded+used	gpt-format-objects	used by baseline translator; native law/selection parity not implied
Kontakt:0x2c	0x98	low_velocity	4	4	108830	decoded+used	gpt-format-objects	used by baseline translator; native law/selection parity not implied
Kontakt:0x2c	0x98	num_channels	4	4	108830	decoded-unused	gpt-format-objects	readable value; see family doc for runtime admission/unsupported consequence
Kontakt:0x2c	0x98	num_frames	4	4	108830	decoded-unused	gpt-format-objects	readable value; see family doc for runtime admission/unsupported consequence
Kontakt:0x2c	0x98	private	4	4	108830	raw/unknown	gpt-format-objects	bounded region/framing; bytes are not independently named parameters
Kontakt:0x2c	0x98	public	4	4	108830	raw/unknown	gpt-format-objects	bounded region/framing; bytes are not independently named parameters
Kontakt:0x2c	0x98	reserved1	4	0	108830	raw/unknown	gpt-format-objects	bounded region/framing; bytes are not independently named parameters
Kontakt:0x2c	0x98	reserved2	4	0	108830	raw/unknown	gpt-format-objects	bounded region/framing; bytes are not independently named parameters
Kontakt:0x2c	0x98	reserved3	4	0	108830	raw/unknown	gpt-format-objects	bounded region/framing; bytes are not independently named parameters
Kontakt:0x2c	0x98	reserved4	4	4	108830	raw/unknown	gpt-format-objects	bounded region/framing; bytes are not independently named parameters
Kontakt:0x2c	0x98	root_key	4	4	108830	decoded+used	gpt-format-objects	used by baseline translator; native law/selection parity not implied
Kontakt:0x2c	0x98	root_note	4	4	108830	decoded-unused	gpt-format-objects	readable value; see family doc for runtime admission/unsupported consequence
Kontakt:0x2c	0x98	sample_data_type	4	4	108830	decoded-unused	gpt-format-objects	readable value; see family doc for runtime admission/unsupported consequence
Kontakt:0x2c	0x98	sample_end	4	3	108830	decoded+used	gpt-format-objects	used by baseline translator; native law/selection parity not implied
Kontakt:0x2c	0x98	sample_rate	4	4	108830	decoded-unused	gpt-format-objects	readable value; see family doc for runtime admission/unsupported consequence
Kontakt:0x2c	0x98	sample_start	4	4	108830	decoded+used	gpt-format-objects	used by baseline translator; native law/selection parity not implied
Kontakt:0x2c	0x98	sample_start_mod_range	4	4	108830	decoded+used	gpt-format-objects	used by baseline translator; native law/selection parity not implied
Kontakt:0x2c	0x98	structure	4	4	108830	raw/unknown	gpt-format-objects	bounded region/framing; bytes are not independently named parameters
Kontakt:0x2c	0x98	tuning	4	4	108830	decoded-unused	gpt-format-objects	readable value; see family doc for runtime admission/unsupported consequence
Kontakt:0x2c	0x98	zone_pan	4	3	108830	decoded+used	gpt-format-objects	used by baseline translator; native law/selection parity not implied
Kontakt:0x2c	0x98	zone_tune	4	4	108830	decoded+used	gpt-format-objects	used by baseline translator; native law/selection parity not implied
Kontakt:0x2c	0x98	zone_volume	4	4	108830	decoded+used	gpt-format-objects	used by baseline translator; native law/selection parity not implied
Kontakt:0x2c	0x99	fade_high_key	7	0	47780	decoded+used	gpt-format-objects	used by baseline translator; native law/selection parity not implied
Kontakt:0x2c	0x99	fade_high_velocity	7	0	47780	decoded+used	gpt-format-objects	used by baseline translator; native law/selection parity not implied
Kontakt:0x2c	0x99	fade_low_key	7	0	47780	decoded+used	gpt-format-objects	used by baseline translator; native law/selection parity not implied
Kontakt:0x2c	0x99	fade_low_velocity	7	0	47780	decoded+used	gpt-format-objects	used by baseline translator; native law/selection parity not implied
Kontakt:0x2c	0x99	filename_id	7	7	47780	decoded+used	gpt-format-objects	used by baseline translator; native law/selection parity not implied
Kontakt:0x2c	0x99	high_key	7	7	47780	decoded+used	gpt-format-objects	used by baseline translator; native law/selection parity not implied
Kontakt:0x2c	0x99	high_velocity	7	7	47780	decoded+used	gpt-format-objects	used by baseline translator; native law/selection parity not implied
Kontakt:0x2c	0x99	low_key	7	7	47780	decoded+used	gpt-format-objects	used by baseline translator; native law/selection parity not implied
Kontakt:0x2c	0x99	low_velocity	7	7	47780	decoded+used	gpt-format-objects	used by baseline translator; native law/selection parity not implied
Kontakt:0x2c	0x99	num_channels	7	7	47780	decoded-unused	gpt-format-objects	readable value; see family doc for runtime admission/unsupported consequence
Kontakt:0x2c	0x99	num_frames	7	7	47780	decoded-unused	gpt-format-objects	readable value; see family doc for runtime admission/unsupported consequence
Kontakt:0x2c	0x99	private	7	7	47780	raw/unknown	gpt-format-objects	bounded region/framing; bytes are not independently named parameters
Kontakt:0x2c	0x99	public	7	7	47780	raw/unknown	gpt-format-objects	bounded region/framing; bytes are not independently named parameters
Kontakt:0x2c	0x99	reserved1	7	0	47780	raw/unknown	gpt-format-objects	bounded region/framing; bytes are not independently named parameters
Kontakt:0x2c	0x99	reserved2	7	0	47780	raw/unknown	gpt-format-objects	bounded region/framing; bytes are not independently named parameters
Kontakt:0x2c	0x99	reserved3	7	0	47780	raw/unknown	gpt-format-objects	bounded region/framing; bytes are not independently named parameters
Kontakt:0x2c	0x99	reserved4	7	7	47780	raw/unknown	gpt-format-objects	bounded region/framing; bytes are not independently named parameters
Kontakt:0x2c	0x99	root_key	7	7	47780	decoded+used	gpt-format-objects	used by baseline translator; native law/selection parity not implied
Kontakt:0x2c	0x99	root_note	7	7	47780	decoded-unused	gpt-format-objects	readable value; see family doc for runtime admission/unsupported consequence
Kontakt:0x2c	0x99	sample_data_type	7	7	47780	decoded-unused	gpt-format-objects	readable value; see family doc for runtime admission/unsupported consequence
Kontakt:0x2c	0x99	sample_end	7	1	47780	decoded+used	gpt-format-objects	used by baseline translator; native law/selection parity not implied
Kontakt:0x2c	0x99	sample_rate	7	7	47780	decoded-unused	gpt-format-objects	readable value; see family doc for runtime admission/unsupported consequence
Kontakt:0x2c	0x99	sample_start	7	7	47780	decoded+used	gpt-format-objects	used by baseline translator; native law/selection parity not implied
Kontakt:0x2c	0x99	sample_start_mod_range	7	7	47780	decoded+used	gpt-format-objects	used by baseline translator; native law/selection parity not implied
Kontakt:0x2c	0x99	structure	7	7	47780	raw/unknown	gpt-format-objects	bounded region/framing; bytes are not independently named parameters
Kontakt:0x2c	0x99	tuning	7	7	47780	decoded-unused	gpt-format-objects	readable value; see family doc for runtime admission/unsupported consequence
Kontakt:0x2c	0x99	zone_pan	7	0	47780	decoded+used	gpt-format-objects	used by baseline translator; native law/selection parity not implied
Kontakt:0x2c	0x99	zone_tune	7	5	47780	decoded+used	gpt-format-objects	used by baseline translator; native law/selection parity not implied
Kontakt:0x2c	0x99	zone_volume	7	7	47780	decoded+used	gpt-format-objects	used by baseline translator; native law/selection parity not implied
Kontakt:0x2c	0x9a	fade_high_key	771	0	13236102	decoded+used	gpt-format-objects	used by baseline translator; native law/selection parity not implied
Kontakt:0x2c	0x9a	fade_high_velocity	771	0	13236102	decoded+used	gpt-format-objects	used by baseline translator; native law/selection parity not implied
Kontakt:0x2c	0x9a	fade_low_key	771	1	13236102	decoded+used	gpt-format-objects	used by baseline translator; native law/selection parity not implied
Kontakt:0x2c	0x9a	fade_low_velocity	771	97	13236102	decoded+used	gpt-format-objects	used by baseline translator; native law/selection parity not implied
Kontakt:0x2c	0x9a	filename_id	771	771	13236102	decoded+used	gpt-format-objects	used by baseline translator; native law/selection parity not implied
Kontakt:0x2c	0x9a	high_key	771	771	13236102	decoded+used	gpt-format-objects	used by baseline translator; native law/selection parity not implied
Kontakt:0x2c	0x9a	high_velocity	771	574	13236102	decoded+used	gpt-format-objects	used by baseline translator; native law/selection parity not implied
Kontakt:0x2c	0x9a	low_key	771	771	13236102	decoded+used	gpt-format-objects	used by baseline translator; native law/selection parity not implied
Kontakt:0x2c	0x9a	low_velocity	771	771	13236102	decoded+used	gpt-format-objects	used by baseline translator; native law/selection parity not implied
Kontakt:0x2c	0x9a	num_channels	771	771	13236102	decoded-unused	gpt-format-objects	readable value; see family doc for runtime admission/unsupported consequence
Kontakt:0x2c	0x9a	num_frames	771	771	13236102	decoded-unused	gpt-format-objects	readable value; see family doc for runtime admission/unsupported consequence
Kontakt:0x2c	0x9a	private	771	771	13236102	raw/unknown	gpt-format-objects	bounded region/framing; bytes are not independently named parameters
Kontakt:0x2c	0x9a	public	771	771	13236102	raw/unknown	gpt-format-objects	bounded region/framing; bytes are not independently named parameters
Kontakt:0x2c	0x9a	reserved1	771	0	13236102	raw/unknown	gpt-format-objects	bounded region/framing; bytes are not independently named parameters
Kontakt:0x2c	0x9a	reserved2	771	0	13236102	raw/unknown	gpt-format-objects	bounded region/framing; bytes are not independently named parameters
Kontakt:0x2c	0x9a	reserved3	771	0	13236102	raw/unknown	gpt-format-objects	bounded region/framing; bytes are not independently named parameters
Kontakt:0x2c	0x9a	reserved4	771	771	13236102	raw/unknown	gpt-format-objects	bounded region/framing; bytes are not independently named parameters
Kontakt:0x2c	0x9a	root_key	771	771	13236102	decoded+used	gpt-format-objects	used by baseline translator; native law/selection parity not implied
Kontakt:0x2c	0x9a	root_note	771	771	13236102	decoded-unused	gpt-format-objects	readable value; see family doc for runtime admission/unsupported consequence
Kontakt:0x2c	0x9a	sample_data_type	771	771	13236102	decoded-unused	gpt-format-objects	readable value; see family doc for runtime admission/unsupported consequence
Kontakt:0x2c	0x9a	sample_end	771	140	13236102	decoded+used	gpt-format-objects	used by baseline translator; native law/selection parity not implied
Kontakt:0x2c	0x9a	sample_rate	771	771	13236102	decoded-unused	gpt-format-objects	readable value; see family doc for runtime admission/unsupported consequence
Kontakt:0x2c	0x9a	sample_start	771	680	13236102	decoded+used	gpt-format-objects	used by baseline translator; native law/selection parity not implied
Kontakt:0x2c	0x9a	sample_start_mod_range	771	730	13236102	decoded+used	gpt-format-objects	used by baseline translator; native law/selection parity not implied
Kontakt:0x2c	0x9a	structure	771	771	13236102	raw/unknown	gpt-format-objects	bounded region/framing; bytes are not independently named parameters
Kontakt:0x2c	0x9a	tuning	771	771	13236102	decoded-unused	gpt-format-objects	readable value; see family doc for runtime admission/unsupported consequence
Kontakt:0x2c	0x9a	zone_pan	771	118	13236102	decoded+used	gpt-format-objects	used by baseline translator; native law/selection parity not implied
Kontakt:0x2c	0x9a	zone_tune	771	293	13236102	decoded+used	gpt-format-objects	used by baseline translator; native law/selection parity not implied
Kontakt:0x2c	0x9a	zone_volume	771	541	13236102	decoded+used	gpt-format-objects	used by baseline translator; native law/selection parity not implied
Kontakt:0x2c	0x9c	fade_high_key	52	0	104760	decoded+used	gpt-format-objects	used by baseline translator; native law/selection parity not implied
Kontakt:0x2c	0x9c	fade_high_velocity	52	0	104760	decoded+used	gpt-format-objects	used by baseline translator; native law/selection parity not implied
Kontakt:0x2c	0x9c	fade_low_key	52	0	104760	decoded+used	gpt-format-objects	used by baseline translator; native law/selection parity not implied
Kontakt:0x2c	0x9c	fade_low_velocity	52	51	104760	decoded+used	gpt-format-objects	used by baseline translator; native law/selection parity not implied
Kontakt:0x2c	0x9c	filename_id	52	52	104760	decoded+used	gpt-format-objects	used by baseline translator; native law/selection parity not implied
Kontakt:0x2c	0x9c	high_key	52	52	104760	decoded+used	gpt-format-objects	used by baseline translator; native law/selection parity not implied
Kontakt:0x2c	0x9c	high_velocity	52	0	104760	decoded+used	gpt-format-objects	used by baseline translator; native law/selection parity not implied
Kontakt:0x2c	0x9c	low_key	52	52	104760	decoded+used	gpt-format-objects	used by baseline translator; native law/selection parity not implied
Kontakt:0x2c	0x9c	low_velocity	52	52	104760	decoded+used	gpt-format-objects	used by baseline translator; native law/selection parity not implied
Kontakt:0x2c	0x9c	num_channels	52	52	104760	decoded-unused	gpt-format-objects	readable value; see family doc for runtime admission/unsupported consequence
Kontakt:0x2c	0x9c	num_frames	52	52	104760	decoded-unused	gpt-format-objects	readable value; see family doc for runtime admission/unsupported consequence
Kontakt:0x2c	0x9c	private	52	52	104760	raw/unknown	gpt-format-objects	bounded region/framing; bytes are not independently named parameters
Kontakt:0x2c	0x9c	public	52	52	104760	raw/unknown	gpt-format-objects	bounded region/framing; bytes are not independently named parameters
Kontakt:0x2c	0x9c	reserved1	52	52	104760	raw/unknown	gpt-format-objects	bounded region/framing; bytes are not independently named parameters
Kontakt:0x2c	0x9c	reserved2	52	0	104760	raw/unknown	gpt-format-objects	bounded region/framing; bytes are not independently named parameters
Kontakt:0x2c	0x9c	reserved3	52	0	104760	raw/unknown	gpt-format-objects	bounded region/framing; bytes are not independently named parameters
Kontakt:0x2c	0x9c	reserved4	52	52	104760	raw/unknown	gpt-format-objects	bounded region/framing; bytes are not independently named parameters
Kontakt:0x2c	0x9c	root_key	52	52	104760	decoded+used	gpt-format-objects	used by baseline translator; native law/selection parity not implied
Kontakt:0x2c	0x9c	root_note	52	52	104760	decoded-unused	gpt-format-objects	readable value; see family doc for runtime admission/unsupported consequence
Kontakt:0x2c	0x9c	sample_data_type	52	52	104760	decoded-unused	gpt-format-objects	readable value; see family doc for runtime admission/unsupported consequence
Kontakt:0x2c	0x9c	sample_end	52	0	104760	decoded+used	gpt-format-objects	used by baseline translator; native law/selection parity not implied
Kontakt:0x2c	0x9c	sample_rate	52	52	104760	decoded-unused	gpt-format-objects	readable value; see family doc for runtime admission/unsupported consequence
Kontakt:0x2c	0x9c	sample_start	52	51	104760	decoded+used	gpt-format-objects	used by baseline translator; native law/selection parity not implied
Kontakt:0x2c	0x9c	sample_start_mod_range	52	52	104760	decoded+used	gpt-format-objects	used by baseline translator; native law/selection parity not implied
Kontakt:0x2c	0x9c	structure	52	52	104760	raw/unknown	gpt-format-objects	bounded region/framing; bytes are not independently named parameters
Kontakt:0x2c	0x9c	tuning	52	52	104760	decoded-unused	gpt-format-objects	readable value; see family doc for runtime admission/unsupported consequence
Kontakt:0x2c	0x9c	zone_pan	52	51	104760	decoded+used	gpt-format-objects	used by baseline translator; native law/selection parity not implied
Kontakt:0x2c	0x9c	zone_tune	52	52	104760	decoded+used	gpt-format-objects	used by baseline translator; native law/selection parity not implied
Kontakt:0x2c	0x9c	zone_volume	52	51	104760	decoded+used	gpt-format-objects	used by baseline translator; native law/selection parity not implied
Kontakt:0x32	0x60	private	834	0	890	raw/unknown	gpt-format-objects	bounded region/framing; bytes are not independently named parameters
Kontakt:0x32	0x60	public	834	834	890	raw/unknown	gpt-format-objects	bounded region/framing; bytes are not independently named parameters
Kontakt:0x32	0x60	structure	834	834	890	raw/unknown	gpt-format-objects	bounded region/framing; bytes are not independently named parameters
Kontakt:0x33	list	structure	834	834	890	raw/unknown	gpt-format-objects	bounded region/framing; bytes are not independently named parameters
Kontakt:0x34	list	structure	834	834	890	raw/unknown	gpt-format-objects	bounded region/framing; bytes are not independently named parameters
Kontakt:0x35	raw	body	834	834	13497472	raw/unknown	gpt-format-gaps	bounded region/framing; bytes are not independently named parameters
Kontakt:0x36	list	program_number	53	0	109	decoded-unused	gpt-format-gaps	readable value; see family doc for runtime admission/unsupported consequence
Kontakt:0x36	list	structure	53	53	109	raw/unknown	gpt-format-gaps	bounded region/framing; bytes are not independently named parameters
Kontakt:0x37	mask64	structure	53	53	53	raw/unknown	gpt-format-gaps	bounded region/framing; bytes are not independently named parameters
Kontakt:0x38	raw	body	834	4	231953	raw/unknown	gpt-format-objects	bounded region/framing; bytes are not independently named parameters
Kontakt:0x39	mask8	structure	834	787	13497472	raw/unknown	gpt-format-objects	bounded region/framing; bytes are not independently named parameters
Kontakt:0x3a	0x12	structure	1583	1583	29379	raw/unknown	gpt-format-fxmod	bounded region/framing; bytes are not independently named parameters
Kontakt:0x3a	0x13	structure	153	153	3857	raw/unknown	gpt-format-fxmod	bounded region/framing; bytes are not independently named parameters
Kontakt:0x3b	0x12	structure	782	782	226278	raw/unknown	gpt-format-fxmod	bounded region/framing; bytes are not independently named parameters
Kontakt:0x3b	0x13	structure	52	52	5675	raw/unknown	gpt-format-fxmod	bounded region/framing; bytes are not independently named parameters
Kontakt:0x3c	0x12	structure	782	782	226278	raw/unknown	gpt-format-fxmod	bounded region/framing; bytes are not independently named parameters
Kontakt:0x3c	0x13	structure	52	52	5675	raw/unknown	gpt-format-fxmod	bounded region/framing; bytes are not independently named parameters
Kontakt:0x3e	0x0	private	53	0	53	raw/unknown	gpt-format-gaps	bounded region/framing; bytes are not independently named parameters
Kontakt:0x3e	0x0	public	53	53	53	raw/unknown	gpt-format-gaps	bounded region/framing; bytes are not independently named parameters
Kontakt:0x3e	0x0	structure	53	53	53	raw/unknown	gpt-format-gaps	bounded region/framing; bytes are not independently named parameters
Kontakt:0x3f	0x11	private	1736	0	1626358	raw/unknown	gpt-format-fxmod	bounded region/framing; bytes are not independently named parameters
Kontakt:0x3f	0x11	public	1736	1736	1626358	raw/unknown	gpt-format-fxmod	bounded region/framing; bytes are not independently named parameters
Kontakt:0x3f	0x11	structure	1736	1736	1626358	raw/unknown	gpt-format-fxmod	bounded region/framing; bytes are not independently named parameters
Kontakt:0x40	0x11	private	170	0	5876	raw/unknown	gpt-format-fxmod	bounded region/framing; bytes are not independently named parameters
Kontakt:0x40	0x11	public	170	170	5876	raw/unknown	gpt-format-fxmod	bounded region/framing; bytes are not independently named parameters
Kontakt:0x40	0x11	structure	170	170	5876	raw/unknown	gpt-format-fxmod	bounded region/framing; bytes are not independently named parameters
Kontakt:0x40	0x12	private	6	0	1008	raw/unknown	gpt-format-fxmod	bounded region/framing; bytes are not independently named parameters
Kontakt:0x40	0x12	public	6	6	1008	raw/unknown	gpt-format-fxmod	bounded region/framing; bytes are not independently named parameters
Kontakt:0x40	0x12	structure	6	6	1008	raw/unknown	gpt-format-fxmod	bounded region/framing; bytes are not independently named parameters
Kontakt:0x42	0x10	private	211	0	525	raw/unknown	gpt-format-fxmod	bounded region/framing; bytes are not independently named parameters
Kontakt:0x42	0x10	public	211	211	525	raw/unknown	gpt-format-fxmod	bounded region/framing; bytes are not independently named parameters
Kontakt:0x42	0x10	structure	211	211	525	raw/unknown	gpt-format-fxmod	bounded region/framing; bytes are not independently named parameters
Kontakt:0x43	0x10	private	103	0	103	raw/unknown	gpt-format-fxmod	bounded region/framing; bytes are not independently named parameters
Kontakt:0x43	0x10	public	103	103	103	raw/unknown	gpt-format-fxmod	bounded region/framing; bytes are not independently named parameters
Kontakt:0x43	0x10	structure	103	103	103	raw/unknown	gpt-format-fxmod	bounded region/framing; bytes are not independently named parameters
Kontakt:0x44	0x10	private	103	0	2287	raw/unknown	gpt-format-fxmod	bounded region/framing; bytes are not independently named parameters
Kontakt:0x44	0x10	public	103	103	2287	raw/unknown	gpt-format-fxmod	bounded region/framing; bytes are not independently named parameters
Kontakt:0x44	0x10	structure	103	103	2287	raw/unknown	gpt-format-fxmod	bounded region/framing; bytes are not independently named parameters
Kontakt:0x44	0x11	private	12	0	12	raw/unknown	gpt-format-fxmod	bounded region/framing; bytes are not independently named parameters
Kontakt:0x44	0x11	public	12	12	12	raw/unknown	gpt-format-fxmod	bounded region/framing; bytes are not independently named parameters
Kontakt:0x44	0x11	structure	12	12	12	raw/unknown	gpt-format-fxmod	bounded region/framing; bytes are not independently named parameters
Kontakt:0x45	0x11	private	1541	0	24656	raw/unknown	gpt-format-fxmod	bounded region/framing; bytes are not independently named parameters
Kontakt:0x45	0x11	public	1541	1541	24656	raw/unknown	gpt-format-fxmod	bounded region/framing; bytes are not independently named parameters
Kontakt:0x45	0x11	structure	1541	1541	24656	raw/unknown	gpt-format-fxmod	bounded region/framing; bytes are not independently named parameters
Kontakt:0x45	0x12	private	195	0	4016	raw/unknown	gpt-format-fxmod	bounded region/framing; bytes are not independently named parameters
Kontakt:0x45	0x12	public	195	195	4016	raw/unknown	gpt-format-fxmod	bounded region/framing; bytes are not independently named parameters
Kontakt:0x45	0x12	structure	195	195	4016	raw/unknown	gpt-format-fxmod	bounded region/framing; bytes are not independently named parameters
Kontakt:0x46	0x12	private	109	0	109	raw/unknown	gpt-format-fxmod	bounded region/framing; bytes are not independently named parameters
Kontakt:0x46	0x12	public	109	109	109	raw/unknown	gpt-format-fxmod	bounded region/framing; bytes are not independently named parameters
Kontakt:0x46	0x12	structure	109	109	109	raw/unknown	gpt-format-fxmod	bounded region/framing; bytes are not independently named parameters
Kontakt:0x47	0x10	private	831	0	940	raw/unknown	gpt-format-gaps	bounded region/framing; bytes are not independently named parameters
Kontakt:0x47	0x10	public	831	831	940	raw/unknown	gpt-format-gaps	bounded region/framing; bytes are not independently named parameters
Kontakt:0x47	0x10	structure	831	831	940	raw/unknown	gpt-format-gaps	bounded region/framing; bytes are not independently named parameters
Kontakt:0x48	unestablished:0xff00	private	50	0	50	raw/unknown	gpt-format-gaps	bounded region/framing; bytes are not independently named parameters
Kontakt:0x48	unestablished:0xff00	public	50	50	50	raw/unknown	gpt-format-gaps	bounded region/framing; bytes are not independently named parameters
Kontakt:0x48	unestablished:0xff00	structure	50	50	50	raw/unknown	gpt-format-gaps	bounded region/framing; bytes are not independently named parameters
Kontakt:0x48	unframed	body	3	3	3	raw/unknown	gpt-format-gaps	bounded region/framing; bytes are not independently named parameters
Kontakt:0x48	unframed	structure	3	3	3	raw/unknown	gpt-format-gaps	bounded region/framing; bytes are not independently named parameters
Kontakt:0x49	unframed	body	53	53	53	raw/unknown	gpt-format-gaps	bounded region/framing; bytes are not independently named parameters
Kontakt:0x49	unframed	structure	53	53	53	raw/unknown	gpt-format-gaps	bounded region/framing; bytes are not independently named parameters
Kontakt:0x4a	0x10	private	834	0	231953	raw/unknown	gpt-format-fxmod	bounded region/framing; bytes are not independently named parameters
Kontakt:0x4a	0x10	public	834	0	231953	raw/unknown	gpt-format-fxmod	bounded region/framing; bytes are not independently named parameters
Kontakt:0x4a	0x10	structure	834	834	231953	raw/unknown	gpt-format-fxmod	bounded region/framing; bytes are not independently named parameters
Kontakt:0x4b	2	extension	1583	1583	1583	raw/unknown	gpt-format-gaps	bounded region/framing; bytes are not independently named parameters
Kontakt:0x4b	2	other_files	1583	1583	1583	decoded-unused	gpt-format-gaps	readable value; see family doc for runtime admission/unsupported consequence
Kontakt:0x4b	2	sample_files	1583	782	1583	decoded-unused	gpt-format-gaps	readable value; see family doc for runtime admission/unsupported consequence
Kontakt:0x4b	2	sample_timestamp	782	782	13392712	decoded-unused	gpt-format-gaps	readable value; see family doc for runtime admission/unsupported consequence
Kontakt:0x4b	2	sample_unknown_record	782	775	13392712	raw/unknown	gpt-format-gaps	sample record retained; semantic meaning unestablished
Kontakt:0x4b	2	segment_kind_11	801	801	2502	decoded+used	gpt-format-gaps	path identity feeds sample/IR resolution; anchor semantics may be flattened
Kontakt:0x4b	2	segment_kind_2	1583	1583	27278764	decoded+used	gpt-format-gaps	path identity feeds sample/IR resolution; anchor semantics may be flattened
Kontakt:0x4b	2	segment_kind_3	782	782	44883813	decoded+used	gpt-format-gaps	path identity feeds sample/IR resolution; anchor semantics may be flattened
Kontakt:0x4b	2	segment_kind_4	1583	1583	13397226	decoded+used	gpt-format-gaps	path identity feeds sample/IR resolution; anchor semantics may be flattened
Kontakt:0x4b	2	segment_kind_6	15	15	15	decoded+used	gpt-format-gaps	path identity feeds sample/IR resolution; anchor semantics may be flattened
Kontakt:0x4b	2	segment_kind_8	965	965	13345828	decoded+used	gpt-format-gaps	path identity feeds sample/IR resolution; anchor semantics may be flattened
Kontakt:0x4b	2	special_files	1583	1583	1583	decoded-unused	gpt-format-gaps	readable value; see family doc for runtime admission/unsupported consequence
Kontakt:0x4b	2	structure	1583	1583	1583	raw/unknown	gpt-format-gaps	bounded region/framing; bytes are not independently named parameters
Kontakt:0x4b	3	extension	354	0	354	raw/unknown	gpt-format-gaps	bounded region/framing; bytes are not independently named parameters
Kontakt:0x4b	3	flat_prefix	354	51	105503	raw/unknown	gpt-format-gaps	bounded region/framing; bytes are not independently named parameters
Kontakt:0x4b	3	flat_suffix	354	52	105503	raw/unknown	gpt-format-gaps	bounded region/framing; bytes are not independently named parameters
Kontakt:0x4b	3	other_files	354	0	354	decoded-unused	gpt-format-gaps	readable value; see family doc for runtime admission/unsupported consequence
Kontakt:0x4b	3	sample_files	354	0	354	decoded-unused	gpt-format-gaps	readable value; see family doc for runtime admission/unsupported consequence
Kontakt:0x4b	3	segment_kind_1	101	101	101	decoded+used	gpt-format-gaps	path identity feeds sample/IR resolution; anchor semantics may be flattened
Kontakt:0x4b	3	segment_kind_11	201	201	201	decoded+used	gpt-format-gaps	path identity feeds sample/IR resolution; anchor semantics may be flattened
Kontakt:0x4b	3	segment_kind_2	354	354	211741	decoded+used	gpt-format-gaps	path identity feeds sample/IR resolution; anchor semantics may be flattened
Kontakt:0x4b	3	segment_kind_3	51	51	477	decoded+used	gpt-format-gaps	path identity feeds sample/IR resolution; anchor semantics may be flattened
Kontakt:0x4b	3	segment_kind_4	354	354	105351	decoded+used	gpt-format-gaps	path identity feeds sample/IR resolution; anchor semantics may be flattened
Kontakt:0x4b	3	segment_kind_6	32	32	32	decoded+used	gpt-format-gaps	path identity feeds sample/IR resolution; anchor semantics may be flattened
Kontakt:0x4b	3	segment_kind_8	69	69	101306	decoded+used	gpt-format-gaps	path identity feeds sample/IR resolution; anchor semantics may be flattened
Kontakt:0x4b	3	special_files	354	0	354	decoded-unused	gpt-format-gaps	readable value; see family doc for runtime admission/unsupported consequence
Kontakt:0x4b	3	structure	354	354	354	raw/unknown	gpt-format-gaps	bounded region/framing; bytes are not independently named parameters
Kontakt:0x4c	0x10	private	103	0	103	raw/unknown	gpt-format-fxmod	bounded region/framing; bytes are not independently named parameters
Kontakt:0x4c	0x10	public	103	103	103	raw/unknown	gpt-format-fxmod	bounded region/framing; bytes are not independently named parameters
Kontakt:0x4c	0x10	structure	103	103	103	raw/unknown	gpt-format-fxmod	bounded region/framing; bytes are not independently named parameters
Kontakt:0x4d	0x10	private	702	0	2808	raw/unknown	gpt-format-fxmod	bounded region/framing; bytes are not independently named parameters
Kontakt:0x4d	0x10	public	702	702	2808	raw/unknown	gpt-format-fxmod	bounded region/framing; bytes are not independently named parameters
Kontakt:0x4d	0x10	structure	702	702	2808	raw/unknown	gpt-format-fxmod	bounded region/framing; bytes are not independently named parameters
Kontakt:0x4e	0x1	private	834	0	13498362	raw/unknown	gpt-format-gaps	bounded region/framing; bytes are not independently named parameters
Kontakt:0x4e	0x1	public	834	0	13498362	raw/unknown	gpt-format-gaps	bounded region/framing; bytes are not independently named parameters
Kontakt:0x4e	0x1	structure	834	834	13498362	raw/unknown	gpt-format-gaps	bounded region/framing; bytes are not independently named parameters
Kontakt:0x4e	0x1	unknown	834	0	13498362	raw/unknown	gpt-format-gaps	known integer has no established audio behavior
Kontakt:0x4f	0x1	group_count	801	801	801	decoded-unused	gpt-decipher-persist	readable value; see family doc for runtime admission/unsupported consequence
Kontakt:0x4f	0x1	persistent_slot_0	801	100	801	decoded+used	gpt-decipher-persist	script restore grammar and slot scope owned by persistence family
Kontakt:0x4f	0x1	persistent_slot_1	801	0	801	decoded+used	gpt-decipher-persist	script restore grammar and slot scope owned by persistence family
Kontakt:0x4f	0x1	persistent_slot_2	801	701	801	decoded+used	gpt-decipher-persist	script restore grammar and slot scope owned by persistence family
Kontakt:0x4f	0x1	persistent_slot_3	801	701	801	decoded+used	gpt-decipher-persist	script restore grammar and slot scope owned by persistence family
Kontakt:0x4f	0x1	persistent_slot_4	801	701	801	decoded+used	gpt-decipher-persist	script restore grammar and slot scope owned by persistence family
Kontakt:0x4f	0x1	private	801	0	801	raw/unknown	gpt-decipher-persist	bounded region/framing; bytes are not independently named parameters
Kontakt:0x4f	0x1	public	801	801	801	raw/unknown	gpt-decipher-persist	bounded region/framing; bytes are not independently named parameters
Kontakt:0x4f	0x1	public[4096..]	801	801	801	decoded-unused	gpt-decipher-persist	readable value; see family doc for runtime admission/unsupported consequence
Kontakt:0x4f	0x1	structure	801	801	801	raw/unknown	gpt-decipher-persist	bounded region/framing; bytes are not independently named parameters
Kontakt:0x4f	0x3	group_count	302	101	302	decoded-unused	gpt-decipher-persist	readable value; see family doc for runtime admission/unsupported consequence
Kontakt:0x4f	0x3	persistent_slot_0	302	101	302	decoded+used	gpt-decipher-persist	script restore grammar and slot scope owned by persistence family
Kontakt:0x4f	0x3	persistent_slot_1	302	0	302	decoded+used	gpt-decipher-persist	script restore grammar and slot scope owned by persistence family
Kontakt:0x4f	0x3	persistent_slot_2	302	201	302	decoded+used	gpt-decipher-persist	script restore grammar and slot scope owned by persistence family
Kontakt:0x4f	0x3	persistent_slot_3	302	201	302	decoded+used	gpt-decipher-persist	script restore grammar and slot scope owned by persistence family
Kontakt:0x4f	0x3	persistent_slot_4	302	0	302	decoded+used	gpt-decipher-persist	script restore grammar and slot scope owned by persistence family
Kontakt:0x4f	0x3	private	302	0	302	raw/unknown	gpt-decipher-persist	bounded region/framing; bytes are not independently named parameters
Kontakt:0x4f	0x3	public	302	302	302	raw/unknown	gpt-decipher-persist	bounded region/framing; bytes are not independently named parameters
Kontakt:0x4f	0x3	public[4096..]	302	302	302	decoded-unused	gpt-decipher-persist	readable value; see family doc for runtime admission/unsupported consequence
Kontakt:0x4f	0x3	structure	302	302	302	raw/unknown	gpt-decipher-persist	bounded region/framing; bytes are not independently named parameters
Kontakt:0x50	0x2	public	801	801	349883	raw/unknown	gpt-decipher-persist	bounded region/framing; bytes are not independently named parameters
Kontakt:0x50	0x2	source	801	801	349883	raw/unknown	gpt-decipher-persist	bounded region/framing; bytes are not independently named parameters
Kontakt:0x50	0x2	structure	801	801	349883	raw/unknown	gpt-decipher-persist	bounded region/framing; bytes are not independently named parameters
Kontakt:0x50	0x2	trailing	801	0	349883	raw/unknown	gpt-decipher-persist	bounded region/framing; bytes are not independently named parameters
Kontakt:0x50	0x2	trailing_flag	801	801	349883	raw/unknown	gpt-decipher-persist	numeric encoding retained; meaning unestablished
Kontakt:0x50	0x4	public	101	101	94233	raw/unknown	gpt-decipher-persist	bounded region/framing; bytes are not independently named parameters
Kontakt:0x50	0x4	source	101	101	94233	raw/unknown	gpt-decipher-persist	bounded region/framing; bytes are not independently named parameters
Kontakt:0x50	0x4	structure	101	101	94233	raw/unknown	gpt-decipher-persist	bounded region/framing; bytes are not independently named parameters
Kontakt:0x50	0x4	trailing	101	101	94233	raw/unknown	gpt-decipher-persist	bounded region/framing; bytes are not independently named parameters
Kontakt:0x50	0x4	trailing_flag	101	101	94233	raw/unknown	gpt-decipher-persist	numeric encoding retained; meaning unestablished
Kontakt:0x51	0x1	private	1103	0	1103	raw/unknown	gpt-decipher-persist	bounded region/framing; bytes are not independently named parameters
Kontakt:0x51	0x1	public	1103	1103	1103	raw/unknown	gpt-decipher-persist	bounded region/framing; bytes are not independently named parameters
Kontakt:0x51	0x1	structure	1103	1103	1103	raw/unknown	gpt-decipher-persist	bounded region/framing; bytes are not independently named parameters
Kontakt:0x56	0x10	private	2	0	2	raw/unknown	gpt-format-fxmod	bounded region/framing; bytes are not independently named parameters
Kontakt:0x56	0x10	public	2	2	2	raw/unknown	gpt-format-fxmod	bounded region/framing; bytes are not independently named parameters
Kontakt:0x56	0x10	structure	2	2	2	raw/unknown	gpt-format-fxmod	bounded region/framing; bytes are not independently named parameters
Kontakt:0x59	0x10	private	374	0	377	raw/unknown	gpt-format-fxmod	bounded region/framing; bytes are not independently named parameters
Kontakt:0x59	0x10	public	374	374	377	raw/unknown	gpt-format-fxmod	bounded region/framing; bytes are not independently named parameters
Kontakt:0x59	0x10	structure	374	374	377	raw/unknown	gpt-format-fxmod	bounded region/framing; bytes are not independently named parameters
Kontakt:0x5a	0x12	private	72	0	74	raw/unknown	gpt-format-fxmod	bounded region/framing; bytes are not independently named parameters
Kontakt:0x5a	0x12	public	72	72	74	raw/unknown	gpt-format-fxmod	bounded region/framing; bytes are not independently named parameters
Kontakt:0x5a	0x12	structure	72	72	74	raw/unknown	gpt-format-fxmod	bounded region/framing; bytes are not independently named parameters
Kontakt:0x5b	0x51	private	10	0	10	raw/unknown	gpt-format-fxmod	bounded region/framing; bytes are not independently named parameters
Kontakt:0x5b	0x51	public	10	10	10	raw/unknown	gpt-format-fxmod	bounded region/framing; bytes are not independently named parameters
Kontakt:0x5b	0x51	structure	10	10	10	raw/unknown	gpt-format-fxmod	bounded region/framing; bytes are not independently named parameters
Kontakt:0x5c	0x51	private	11	0	11	raw/unknown	gpt-format-fxmod	bounded region/framing; bytes are not independently named parameters
Kontakt:0x5c	0x51	public	11	11	11	raw/unknown	gpt-format-fxmod	bounded region/framing; bytes are not independently named parameters
Kontakt:0x5c	0x51	structure	11	11	11	raw/unknown	gpt-format-fxmod	bounded region/framing; bytes are not independently named parameters
Kontakt:0x5d	0x51	private	17	0	18	raw/unknown	gpt-format-fxmod	bounded region/framing; bytes are not independently named parameters
Kontakt:0x5d	0x51	public	17	17	18	raw/unknown	gpt-format-fxmod	bounded region/framing; bytes are not independently named parameters
Kontakt:0x5d	0x51	structure	17	17	18	raw/unknown	gpt-format-fxmod	bounded region/framing; bytes are not independently named parameters
Kontakt:0x60	0x51	private	8	0	8	raw/unknown	gpt-format-fxmod	bounded region/framing; bytes are not independently named parameters
Kontakt:0x60	0x51	public	8	8	8	raw/unknown	gpt-format-fxmod	bounded region/framing; bytes are not independently named parameters
Kontakt:0x60	0x51	structure	8	8	8	raw/unknown	gpt-format-fxmod	bounded region/framing; bytes are not independently named parameters
Kontakt:0x63	0x10	private	19	0	19	raw/unknown	gpt-format-fxmod	bounded region/framing; bytes are not independently named parameters
Kontakt:0x63	0x10	public	19	19	19	raw/unknown	gpt-format-fxmod	bounded region/framing; bytes are not independently named parameters
Kontakt:0x63	0x10	structure	19	19	19	raw/unknown	gpt-format-fxmod	bounded region/framing; bytes are not independently named parameters
Kontakt:0x65	0x10	private	13	0	13	raw/unknown	gpt-format-fxmod	bounded region/framing; bytes are not independently named parameters
Kontakt:0x65	0x10	public	13	13	13	raw/unknown	gpt-format-fxmod	bounded region/framing; bytes are not independently named parameters
Kontakt:0x65	0x10	structure	13	13	13	raw/unknown	gpt-format-fxmod	bounded region/framing; bytes are not independently named parameters
Kontakt:0x66	0x10	private	7	0	7	raw/unknown	gpt-format-fxmod	bounded region/framing; bytes are not independently named parameters
Kontakt:0x66	0x10	public	7	7	7	raw/unknown	gpt-format-fxmod	bounded region/framing; bytes are not independently named parameters
Kontakt:0x66	0x10	structure	7	7	7	raw/unknown	gpt-format-fxmod	bounded region/framing; bytes are not independently named parameters
Kontakt:0x68	0x10	private	17	0	21	raw/unknown	gpt-format-fxmod	bounded region/framing; bytes are not independently named parameters
Kontakt:0x68	0x10	public	17	17	21	raw/unknown	gpt-format-fxmod	bounded region/framing; bytes are not independently named parameters
Kontakt:0x68	0x10	structure	17	17	21	raw/unknown	gpt-format-fxmod	bounded region/framing; bytes are not independently named parameters
Kontakt:0x69	0x10	private	7	0	7	raw/unknown	gpt-format-fxmod	bounded region/framing; bytes are not independently named parameters
Kontakt:0x69	0x10	public	7	7	7	raw/unknown	gpt-format-fxmod	bounded region/framing; bytes are not independently named parameters
Kontakt:0x69	0x10	structure	7	7	7	raw/unknown	gpt-format-fxmod	bounded region/framing; bytes are not independently named parameters
Kontakt:0x6a	0x10	private	9	0	9	raw/unknown	gpt-format-fxmod	bounded region/framing; bytes are not independently named parameters
Kontakt:0x6a	0x10	public	9	9	9	raw/unknown	gpt-format-fxmod	bounded region/framing; bytes are not independently named parameters
Kontakt:0x6a	0x10	structure	9	9	9	raw/unknown	gpt-format-fxmod	bounded region/framing; bytes are not independently named parameters
Kontakt:0x72	0x1	private	5	0	5	raw/unknown	gpt-format-fxmod	bounded region/framing; bytes are not independently named parameters
Kontakt:0x72	0x1	public	5	5	5	raw/unknown	gpt-format-fxmod	bounded region/framing; bytes are not independently named parameters
Kontakt:0x72	0x1	structure	5	5	5	raw/unknown	gpt-format-fxmod	bounded region/framing; bytes are not independently named parameters
Kontakt:0x74	0x1	private	2	0	2	raw/unknown	gpt-format-fxmod	bounded region/framing; bytes are not independently named parameters
Kontakt:0x74	0x1	public	2	2	2	raw/unknown	gpt-format-fxmod	bounded region/framing; bytes are not independently named parameters
Kontakt:0x74	0x1	structure	2	2	2	raw/unknown	gpt-format-fxmod	bounded region/framing; bytes are not independently named parameters
NIS:NIK4:0x3	inherited	structure	1937	1937	1937	raw/unknown	gpt-format-gaps	wrapper/property presence; no property playback law inferred
NIS:NIK4:0x4	BPatchHeaderV42	structure	1937	1937	1937	raw/unknown	gpt-format-gaps	wrapper/property presence; no property playback law inferred
NIS:NISD:0x1	1	structure	1937	1937	15602	raw/unknown	gpt-format-gaps	wrapper/property presence; no property playback law inferred
NIS:NISD:0x65	1	structure	1937	1937	1937	raw/unknown	gpt-format-gaps	wrapper/property presence; no property playback law inferred
NIS:NISD:0x6a	1	structure	1937	1937	3874	raw/unknown	gpt-format-gaps	wrapper/property presence; no property playback law inferred
NIS:NISD:0x6c	1	structure	1937	1937	1937	unread	gpt-format-gaps	wrapper/property presence; no property playback law inferred
NIS:NISD:0x6d	1	structure	1937	1937	1937	raw/unknown	gpt-format-gaps	wrapper/property presence; no property playback law inferred
NIS:NISD:0x73	1	structure	1937	1937	1990	raw/unknown	gpt-format-gaps	wrapper/property presence; no property playback law inferred
NIS:NISD:0x74	1	encrypted	1937	777	1937	raw/unknown	gpt-format-gaps	wrapper/property presence; no property playback law inferred
NIS:NISD:0x74	1	structure	1937	1937	1937	raw/unknown	gpt-format-gaps	wrapper/property presence; no property playback law inferred
NIS:NISD:0x75	1	structure	53	53	53	raw/unknown	gpt-format-gaps	wrapper/property presence; no property playback law inferred
NIS:NISD:0x76	1	structure	1937	1937	1937	raw/unknown	gpt-format-gaps	wrapper/property presence; no property playback law inferred
NIS:NISD:0x79	1	structure	1937	1937	1937	unread	gpt-format-gaps	wrapper/property presence; no property playback law inferred
NIS:item	1	header_flags	1937	1937	15602	raw/unknown	gpt-format-gaps	wrapper/property presence; no property playback law inferred
NIS:item	1	reserved	1937	0	15602	raw/unknown	gpt-format-gaps	wrapper/property presence; no property playback law inferred
NIS:item	1	trailing	1937	0	15602	raw/unknown	gpt-format-gaps	wrapper/property presence; no property playback law inferred
