kontakt	/mnt/MAIN_STORAGE/Libraries/Kontakt/Conflux 1.1.0 [Native Instruments]/Instruments/Conflux.nki
kontakt	/mnt/MAIN_STORAGE/Libraries/Kontakt/ANALOG STRINGS/Instruments/ANALOG STRINGS.nki
kontakt	/mnt/MAIN_STORAGE/Libraries/Kontakt/Afflatus Chapter II Brass/Instruments/1. Ensembles/Multi Instruments/2 Horns KS.nki
kontakt	/mnt/MAIN_STORAGE/Libraries/Kontakt/Areia 1.2.0 [Audio Imperia]/Instruments/01 Core Technique Patches/01 Areia - 16 Violins - Core Techniques.nki
kontakt	/mnt/MAIN_STORAGE/Libraries/Kontakt/Audio Imperia CHORUS/Instruments/01 Multi Patches/01 Chorus - Women - Traditional Articulations.nki
kontakt	/mnt/MAIN_STORAGE/Libraries/Kontakt/Audio Imperia Dolce/Instruments/01 7 1st Violins/Dolce - 01 7 1st Violins - Legato.nki
kontakt	/mnt/MAIN_STORAGE/Libraries/Kontakt/Morphology Evolved [Zero-G] rutracker.org/Morphology Evolved.nki
kontakt	/mnt/MAIN_STORAGE/Libraries/Kontakt/Pacific Ensemble Strings/Instruments/10 Cellos/Pacific - Ens Strings - 10 Cellos - FX - Cluster Risers.nki
kontakt	/mnt/MAIN_STORAGE/Libraries/Kontakt/Performance Samples Vista/Instruments/Bonus/Vista - 3 Violins FFF Overlay.nki
kontakt	/mnt/MAIN_STORAGE/Libraries/Kontakt/Solo/Instruments/01 Multi Patches/Solo - 01 Solo Violin.nki
kontakt	/mnt/MAIN_STORAGE/Libraries/Kontakt/Una Corda Library/Instruments/Una Corda Cotton.nki
uvi-program	/mnt/MAIN_STORAGE/Libraries/UVI/UVI - Augmented Orchestra v1.1.2-R2R/Augmented Orchestra.ufs::Presets/00 Orchestra/01 Strings/V Strings Bartok.uvip
uvi-program	/mnt/MAIN_STORAGE/Libraries/UVI/VWinds - Clarinets/VWinds-AClarinet.ufs::Presets/Clarinet A.uvip
uvi-program	/mnt/MAIN_STORAGE/Libraries/UVI/VWinds - Double Reeds/VWinds-Bassoon.ufs::Presets/Bassoon.uvip
uvi-program	/mnt/MAIN_STORAGE/Libraries/UVI/VWinds - Flutes/VWinds-Alto_Flute.ufs::Presets/Alto Flute 2.uvip
kontakt	/mnt/MAIN_STORAGE/Libraries/Kontakt/Areia 1.2.0 [Audio Imperia]/Instruments/01 Core Technique Patches/07 Areia - Full Ens - Core Techniques.nki
kontakt	/mnt/MAIN_STORAGE/Libraries/Kontakt/Una Corda Library/Instruments/Una Corda Felt.nki
kontakt	/mnt/MAIN_STORAGE/Libraries/Kontakt/Conflux 1.1.0 [Native Instruments]/Multis/Big Screen.nkm
kontakt	/mnt/MAIN_STORAGE/Libraries/Kontakt/Performance Samples Vista/Instruments/Bonus/Vista - Harp.nki
