parameter	nki_paths	script_slots	source_hashes	lowering
$ENGINE_PAR_VOLUME	775	775	42	conditional specialization
$ENGINE_PAR_OUTPUT_CHANNEL	773	773	40	conditional specialization
$ENGINE_PAR_PAN	773	773	40	conditional specialization
$ENGINE_PAR_MOD_TARGET_INTENSITY	767	767	40	private mirror / effect outbox
$ENGINE_PAR_DECAY	760	760	37	conditional specialization
$ENGINE_PAR_ATTACK	735	735	35	conditional specialization
$ENGINE_PAR_RELEASE	722	722	33	conditional specialization
$ENGINE_PAR_EFFECT_BYPASS	719	719	32	conditional specialization
$ENGINE_PAR_SEND_EFFECT_OUTPUT_GAIN	719	719	32	conditional specialization
$ENGINE_PAR_SEND_EFFECT_DRY_LEVEL	718	718	31	conditional specialization
$ENGINE_PAR_SUSTAIN	715	715	31	conditional specialization
$ENGINE_PAR_ATK_CURVE	503	503	18	conditional specialization
$ENGINE_PAR_EFFECT_TYPE	370	370	9	private mirror / effect outbox
$ENGINE_PAR_SEND_EFFECT_BYPASS	370	370	9	conditional specialization
$ENGINE_PAR_SEND_EFFECT_TYPE	369	369	8	private mirror / effect outbox
$ENGINE_PAR_SENDLEVEL_0	369	369	8	private mirror / effect outbox
$ENGINE_PAR_RV2_PREDELAY	368	368	7	private mirror / effect outbox
$ENGINE_PAR_RV2_TIME	368	368	7	private mirror / effect outbox
$ENGINE_PAR_RV2_TYPE	368	368	7	private mirror / effect outbox
$ENGINE_PAR_INSERT_EFFECT_OUTPUT_GAIN	358	358	28	conditional specialization
$ENGINE_PAR_STEREO	350	350	24	private mirror / effect outbox
$ENGINE_PAR_HOLD	229	229	2	private mirror / effect outbox
$ENGINE_PAR_GN_GAIN	58	58	12	private mirror / effect outbox
$ENGINE_PAR_CUTOFF	3	3	3	private mirror / effect outbox
$ENGINE_PAR_EFFECT_SUBTYPE	3	3	3	private mirror / effect outbox
$ENGINE_PAR_INTMOD_FREQUENCY	3	3	3	private mirror / effect outbox
$ENGINE_PAR_LFO_DELAY	3	3	3	private mirror / effect outbox
$ENGINE_PAR_LFO_RAND	3	3	3	private mirror / effect outbox
$ENGINE_PAR_LFO_RECT	3	3	3	private mirror / effect outbox
$ENGINE_PAR_LFO_SAW	3	3	3	private mirror / effect outbox
$ENGINE_PAR_LFO_SINE	3	3	3	private mirror / effect outbox
$ENGINE_PAR_LFO_TRI	3	3	3	private mirror / effect outbox
$ENGINE_PAR_RESONANCE	3	3	3	private mirror / effect outbox
$ENGINE_PAR_TUNE	3	3	3	conditional specialization
$ENGINE_PAR_CHORAL_AMOUNT	2	2	2	private mirror / effect outbox
$ENGINE_PAR_CHORAL_FEEDBACK	2	2	2	private mirror / effect outbox
$ENGINE_PAR_CHORAL_MIX	2	2	2	private mirror / effect outbox
$ENGINE_PAR_CHORAL_RATE	2	2	2	private mirror / effect outbox
$ENGINE_PAR_CHORAL_VOICES	2	2	2	private mirror / effect outbox
$ENGINE_PAR_CHORAL_WIDTH	2	2	2	private mirror / effect outbox
$ENGINE_PAR_COMP_ATTACK	2	2	2	private mirror / effect outbox
$ENGINE_PAR_COMP_DECAY	2	2	2	private mirror / effect outbox
$ENGINE_PAR_DAMPING	2	2	2	private mirror / effect outbox
$ENGINE_PAR_DRIVE	2	2	2	private mirror / effect outbox
$ENGINE_PAR_FLAIR_AMOUNT	2	2	2	private mirror / effect outbox
$ENGINE_PAR_FLAIR_CHORD	2	2	2	private mirror / effect outbox
$ENGINE_PAR_FLAIR_MIX	2	2	2	private mirror / effect outbox
$ENGINE_PAR_FLAIR_MODE	2	2	2	private mirror / effect outbox
$ENGINE_PAR_FLAIR_PITCH	2	2	2	private mirror / effect outbox
$ENGINE_PAR_FLAIR_RATE	2	2	2	private mirror / effect outbox
$ENGINE_PAR_FLAIR_VOICES	2	2	2	private mirror / effect outbox
$ENGINE_PAR_FORMANT_SIZE	2	2	2	private mirror / effect outbox
$ENGINE_PAR_FORMANT_TALK	2	2	2	private mirror / effect outbox
$ENGINE_PAR_FREQ1	2	2	2	private mirror / effect outbox
$ENGINE_PAR_FREQ2	2	2	2	private mirror / effect outbox
$ENGINE_PAR_GAIN1	2	2	2	private mirror / effect outbox
$ENGINE_PAR_GAIN2	2	2	2	private mirror / effect outbox
$ENGINE_PAR_INTMOD_FREQUENCY_UNIT	2	2	2	private mirror / effect outbox
$ENGINE_PAR_INTMOD_PULSEWIDTH	2	2	2	private mirror / effect outbox
$ENGINE_PAR_IRC_FREQ_HIGHPASS_LR	2	2	2	private mirror / effect outbox
$ENGINE_PAR_IRC_FREQ_LOWPASS_LR	2	2	2	private mirror / effect outbox
$ENGINE_PAR_IRC_LENGTH_RATIO_ER	2	2	2	private mirror / effect outbox
$ENGINE_PAR_IRC_LENGTH_RATIO_LR	2	2	2	private mirror / effect outbox
$ENGINE_PAR_IRC_PREDELAY	2	2	2	private mirror / effect outbox
$ENGINE_PAR_PHASIS_AMOUNT	2	2	2	private mirror / effect outbox
$ENGINE_PAR_PHASIS_FEEDBACK	2	2	2	private mirror / effect outbox
$ENGINE_PAR_PHASIS_MIX	2	2	2	private mirror / effect outbox
$ENGINE_PAR_PHASIS_NOTCHES	2	2	2	private mirror / effect outbox
$ENGINE_PAR_PHASIS_RATE	2	2	2	private mirror / effect outbox
$ENGINE_PAR_PHASIS_STEREO	2	2	2	private mirror / effect outbox
$ENGINE_PAR_RATIO	2	2	2	private mirror / effect outbox
$ENGINE_PAR_RDL_DEPTH	2	2	2	private mirror / effect outbox
$ENGINE_PAR_RDL_FEEDBACK	2	2	2	private mirror / effect outbox
$ENGINE_PAR_RDL_RATE	2	2	2	private mirror / effect outbox
$ENGINE_PAR_RDL_TIME	2	2	2	private mirror / effect outbox
$ENGINE_PAR_RDL_TYPE	2	2	2	private mirror / effect outbox
$ENGINE_PAR_RELEASE_TRIGGER	2	3	3	private mirror / effect outbox
$ENGINE_PAR_STEREO_PAN	2	2	2	private mirror / effect outbox
$ENGINE_PAR_THRESHOLD	2	2	2	private mirror / effect outbox
$ENGINE_PAR_TP_GAIN	2	2	2	private mirror / effect outbox
$ENGINE_PAR_TP_HF_ROLLOFF	2	2	2	private mirror / effect outbox
$ENGINE_PAR_TP_WARMTH	2	2	2	private mirror / effect outbox
$ENGINE_PAR_WT_FORM	2	2	2	private mirror / effect outbox
$ENGINE_PAR_WT_FORM2	2	2	2	private mirror / effect outbox
$ENGINE_PAR_WT_FORM2_MODE	2	2	2	private mirror / effect outbox
$ENGINE_PAR_WT_FORM_MODE	2	2	2	private mirror / effect outbox
$ENGINE_PAR_WT_INHARMONIC	2	2	2	private mirror / effect outbox
$ENGINE_PAR_WT_MOD_AMOUNT	2	2	2	private mirror / effect outbox
$ENGINE_PAR_WT_MOD_TUNE	2	2	2	private mirror / effect outbox
$ENGINE_PAR_WT_MOD_TYPE	2	2	2	private mirror / effect outbox
$ENGINE_PAR_WT_MOD_WAVE	2	2	2	private mirror / effect outbox
$ENGINE_PAR_WT_POSITION	2	2	2	private mirror / effect outbox
$ENGINE_PAR_BANDWIDTH	1	1	1	private mirror / effect outbox
$ENGINE_PAR_BITE_BITS	1	1	1	private mirror / effect outbox
$ENGINE_PAR_BITE_CRUNCH	1	1	1	private mirror / effect outbox
$ENGINE_PAR_BITE_DC_QUANT	1	1	1	private mirror / effect outbox
$ENGINE_PAR_BITE_DITHER	1	1	1	private mirror / effect outbox
$ENGINE_PAR_BITE_EXPAND	1	1	1	private mirror / effect outbox
$ENGINE_PAR_BITE_FREQUENCY	1	1	1	private mirror / effect outbox
$ENGINE_PAR_BITE_HPF	1	1	1	private mirror / effect outbox
$ENGINE_PAR_BITE_JITTER	1	1	1	private mirror / effect outbox
$ENGINE_PAR_BITE_POSTFILTER	1	1	1	private mirror / effect outbox
$ENGINE_PAR_BITE_PREFILTER	1	1	1	private mirror / effect outbox
$ENGINE_PAR_BITE_SATURATE	1	1	1	private mirror / effect outbox
$ENGINE_PAR_BITS	1	1	1	private mirror / effect outbox
$ENGINE_PAR_BW1	1	1	1	private mirror / effect outbox
$ENGINE_PAR_BW2	1	1	1	private mirror / effect outbox
$ENGINE_PAR_BW3	1	1	1	private mirror / effect outbox
$ENGINE_PAR_CH_DEPTH	1	1	1	private mirror / effect outbox
$ENGINE_PAR_CH_PHASE	1	1	1	private mirror / effect outbox
$ENGINE_PAR_CH_SPEED	1	1	1	private mirror / effect outbox
$ENGINE_PAR_CHORAL_DELAY	1	1	1	private mirror / effect outbox
$ENGINE_PAR_CHORAL_INVERT_PHASE	1	1	1	private mirror / effect outbox
$ENGINE_PAR_CHORAL_MODE	1	1	1	private mirror / effect outbox
$ENGINE_PAR_CHORAL_SCATTER	1	1	1	private mirror / effect outbox
$ENGINE_PAR_DISTORTION_TYPE	1	1	1	private mirror / effect outbox
$ENGINE_PAR_DL_FEEDBACK	1	1	1	private mirror / effect outbox
$ENGINE_PAR_DL_PAN	1	1	1	private mirror / effect outbox
$ENGINE_PAR_DL_TIME	1	1	1	private mirror / effect outbox
$ENGINE_PAR_DS_DRIVE	1	1	1	private mirror / effect outbox
$ENGINE_PAR_DS_MID	1	1	1	private mirror / effect outbox
$ENGINE_PAR_DS_TONE	1	1	1	private mirror / effect outbox
$ENGINE_PAR_DS_TREBLE	1	1	1	private mirror / effect outbox
$ENGINE_PAR_FLAIR_DETUNE	1	1	1	private mirror / effect outbox
$ENGINE_PAR_FLAIR_FEEDBACK	1	1	1	private mirror / effect outbox
$ENGINE_PAR_FLAIR_INVERT_PHASE	1	1	1	private mirror / effect outbox
$ENGINE_PAR_FLAIR_OFFSET	1	1	1	private mirror / effect outbox
$ENGINE_PAR_FLAIR_WIDTH	1	1	1	private mirror / effect outbox
$ENGINE_PAR_FORMANT_SHARP	1	1	1	private mirror / effect outbox
$ENGINE_PAR_FREAK_CARRIER	1	1	1	private mirror / effect outbox
$ENGINE_PAR_FREAK_DEMOD	1	1	1	private mirror / effect outbox
$ENGINE_PAR_FREAK_FEEDBACK	1	1	1	private mirror / effect outbox
$ENGINE_PAR_FREAK_FREQUENCY	1	1	1	private mirror / effect outbox
$ENGINE_PAR_FREAK_HARMONICS	1	1	1	private mirror / effect outbox
$ENGINE_PAR_FREAK_MIX	1	1	1	private mirror / effect outbox
$ENGINE_PAR_FREAK_MODE	1	1	1	private mirror / effect outbox
$ENGINE_PAR_FREAK_STEREO	1	1	1	private mirror / effect outbox
$ENGINE_PAR_FREAK_TUNING	1	1	1	private mirror / effect outbox
$ENGINE_PAR_FREAK_TYPE	1	1	1	private mirror / effect outbox
$ENGINE_PAR_FREAK_WIDE_RANGE	1	1	1	private mirror / effect outbox
$ENGINE_PAR_FREAK_WIDTH	1	1	1	private mirror / effect outbox
$ENGINE_PAR_FREQ3	1	1	1	private mirror / effect outbox
$ENGINE_PAR_FREQUENCY	1	1	1	private mirror / effect outbox
$ENGINE_PAR_GAIN	1	1	1	private mirror / effect outbox
$ENGINE_PAR_GAIN3	1	1	1	private mirror / effect outbox
$ENGINE_PAR_GATER_GATE	1	1	1	private mirror / effect outbox
$ENGINE_PAR_GATER_MIX	1	1	1	private mirror / effect outbox
$ENGINE_PAR_GATER_NOISE	1	1	1	private mirror / effect outbox
$ENGINE_PAR_GATER_RATE	1	1	1	private mirror / effect outbox
$ENGINE_PAR_GATER_RATE_SYNC	1	1	1	private mirror / effect outbox
$ENGINE_PAR_GATER_SHAPE	1	1	1	private mirror / effect outbox
$ENGINE_PAR_INTMOD_BYPASS	1	1	1	private mirror / effect outbox
$ENGINE_PAR_INTMOD_INTENSITY	1	1	1	private mirror / effect outbox
$ENGINE_PAR_INTMOD_RETRIGGER	1	1	1	private mirror / effect outbox
$ENGINE_PAR_IRC_FREQ_HIGHPASS_ER	1	1	1	private mirror / effect outbox
$ENGINE_PAR_IRC_FREQ_LOWPASS_ER	1	1	1	private mirror / effect outbox
$ENGINE_PAR_JMP_BASS	1	1	1	private mirror / effect outbox
$ENGINE_PAR_JMP_MID	1	1	1	private mirror / effect outbox
$ENGINE_PAR_JMP_PREAMP	1	1	1	private mirror / effect outbox
$ENGINE_PAR_JMP_TREBLE	1	1	1	private mirror / effect outbox
$ENGINE_PAR_LFO_PHASE	1	1	1	private mirror / effect outbox
$ENGINE_PAR_LIM_IN_GAIN	1	1	1	private mirror / effect outbox
$ENGINE_PAR_LIM_RELEASE	1	1	1	private mirror / effect outbox
$ENGINE_PAR_MOD_TARGET_MP_INTENSITY	1	1	1	private mirror / effect outbox
$ENGINE_PAR_PH_DEPTH	1	1	1	private mirror / effect outbox
$ENGINE_PAR_PH_FEEDBACK	1	1	1	private mirror / effect outbox
$ENGINE_PAR_PH_SPEED	1	1	1	private mirror / effect outbox
$ENGINE_PAR_PHASIS_CENTER	1	1	1	private mirror / effect outbox
$ENGINE_PAR_PHASIS_INVERT_MOD_MIX	1	1	1	private mirror / effect outbox
$ENGINE_PAR_PHASIS_INVERT_PHASE	1	1	1	private mirror / effect outbox
$ENGINE_PAR_PHASIS_MOD_MIX	1	1	1	private mirror / effect outbox
$ENGINE_PAR_PHASIS_SPREAD	1	1	1	private mirror / effect outbox
$ENGINE_PAR_PSYDL_CROSS_FEEDBACK	1	1	1	private mirror / effect outbox
$ENGINE_PAR_PSYDL_DETUNE	1	1	1	private mirror / effect outbox
$ENGINE_PAR_PSYDL_FEEDBACK	1	1	1	private mirror / effect outbox
$ENGINE_PAR_PSYDL_LR_OFFSET	1	1	1	private mirror / effect outbox
$ENGINE_PAR_PSYDL_PITCH	1	1	1	private mirror / effect outbox
$ENGINE_PAR_PSYDL_REVERSE	1	1	1	private mirror / effect outbox
$ENGINE_PAR_PSYDL_TIME	1	1	1	private mirror / effect outbox
$ENGINE_PAR_PSYDL_TIME_UNIT	1	1	1	private mirror / effect outbox
$ENGINE_PAR_RAUM_DAMPING	1	1	1	private mirror / effect outbox
$ENGINE_PAR_RAUM_DECAY	1	1	1	private mirror / effect outbox
$ENGINE_PAR_RAUM_DIFFUSION	1	1	1	private mirror / effect outbox
$ENGINE_PAR_RAUM_FEEDBACK	1	1	1	private mirror / effect outbox
$ENGINE_PAR_RAUM_HIGHCUT	1	1	1	private mirror / effect outbox
$ENGINE_PAR_RAUM_LOWSHELF	1	1	1	private mirror / effect outbox
$ENGINE_PAR_RAUM_MOD	1	1	1	private mirror / effect outbox
$ENGINE_PAR_RAUM_PREDELAY	1	1	1	private mirror / effect outbox
$ENGINE_PAR_RAUM_PREDELAY_UNIT	1	1	1	private mirror / effect outbox
$ENGINE_PAR_RAUM_RATE	1	1	1	private mirror / effect outbox
$ENGINE_PAR_RAUM_REVERB	1	1	1	private mirror / effect outbox
$ENGINE_PAR_RAUM_SIZE	1	1	1	private mirror / effect outbox
$ENGINE_PAR_RAUM_SPARSE	1	1	1	private mirror / effect outbox
$ENGINE_PAR_RAUM_TYPE	1	1	1	private mirror / effect outbox
$ENGINE_PAR_RDL_BBDTYPE	1	1	1	private mirror / effect outbox
$ENGINE_PAR_RDL_FLUTTER	1	1	1	private mirror / effect outbox
$ENGINE_PAR_RDL_HIGHCUT	1	1	1	private mirror / effect outbox
$ENGINE_PAR_RDL_LOWCUT	1	1	1	private mirror / effect outbox
$ENGINE_PAR_RDL_PINGPONG	1	1	1	private mirror / effect outbox
$ENGINE_PAR_RDL_QUALITY	1	1	1	private mirror / effect outbox
$ENGINE_PAR_RDL_SATURATION	1	1	1	private mirror / effect outbox
$ENGINE_PAR_RDL_TAPEAGE	1	1	1	private mirror / effect outbox
$ENGINE_PAR_RDL_TIME_UNIT	1	1	1	private mirror / effect outbox
$ENGINE_PAR_RG_FORWARD	1	1	1	private mirror / effect outbox
$ENGINE_PAR_RG_GRAIN	1	1	1	private mirror / effect outbox
$ENGINE_PAR_RG_MIX	1	1	1	private mirror / effect outbox
$ENGINE_PAR_RG_PITCH	1	1	1	private mirror / effect outbox
$ENGINE_PAR_RG_REVERSE	1	1	1	private mirror / effect outbox
$ENGINE_PAR_RG_SPEED	1	1	1	private mirror / effect outbox
$ENGINE_PAR_RV_PREDELAY	1	1	1	private mirror / effect outbox
$ENGINE_PAR_RV_SIZE	1	1	1	private mirror / effect outbox
$ENGINE_PAR_SCOMP_ATTACK	1	1	1	private mirror / effect outbox
$ENGINE_PAR_SCOMP_MAKEUP	1	1	1	private mirror / effect outbox
$ENGINE_PAR_SCOMP_MIX	1	1	1	private mirror / effect outbox
$ENGINE_PAR_SCOMP_RATIO	1	1	1	private mirror / effect outbox
$ENGINE_PAR_SCOMP_RELEASE	1	1	1	private mirror / effect outbox
$ENGINE_PAR_SCOMP_THRESHOLD	1	1	1	private mirror / effect outbox
$ENGINE_PAR_SENDLEVEL_1	1	1	1	private mirror / effect outbox
$ENGINE_PAR_SEQ_HF_FREQ	1	1	1	private mirror / effect outbox
$ENGINE_PAR_SEQ_HF_GAIN	1	1	1	private mirror / effect outbox
$ENGINE_PAR_SEQ_HMF_FREQ	1	1	1	private mirror / effect outbox
$ENGINE_PAR_SEQ_HMF_GAIN	1	1	1	private mirror / effect outbox
$ENGINE_PAR_SEQ_LF_FREQ	1	1	1	private mirror / effect outbox
$ENGINE_PAR_SEQ_LF_GAIN	1	1	1	private mirror / effect outbox
$ENGINE_PAR_SHAPE	1	1	1	private mirror / effect outbox
$ENGINE_PAR_STEREO_PSEUDO	1	1	1	private mirror / effect outbox
$ENGINE_PAR_SUPERGT_ATTACK	1	1	1	private mirror / effect outbox
$ENGINE_PAR_SUPERGT_CHANNEL_LINK_MODE	1	1	1	private mirror / effect outbox
$ENGINE_PAR_SUPERGT_CHAR_MODE	1	1	1	private mirror / effect outbox
$ENGINE_PAR_SUPERGT_CHARACTER	1	1	1	private mirror / effect outbox
$ENGINE_PAR_SUPERGT_COMPRESS	1	1	1	private mirror / effect outbox
$ENGINE_PAR_SUPERGT_MIX	1	1	1	private mirror / effect outbox
$ENGINE_PAR_SUPERGT_RELEASE	1	1	1	private mirror / effect outbox
$ENGINE_PAR_SUPERGT_SAT_MODE	1	1	1	private mirror / effect outbox
$ENGINE_PAR_SUPERGT_SATURATION	1	1	1	private mirror / effect outbox
$ENGINE_PAR_SUPERGT_TRIM	1	1	1	private mirror / effect outbox
$ENGINE_PAR_TP_QUALITY	1	1	1	private mirror / effect outbox
$ENGINE_PAR_VC_BLEND	1	1	1	private mirror / effect outbox
$ENGINE_PAR_VC_COLOR	1	1	1	private mirror / effect outbox
$ENGINE_PAR_VC_DEPTH	1	1	1	private mirror / effect outbox
$ENGINE_PAR_VC_MIX	1	1	1	private mirror / effect outbox
$ENGINE_PAR_VC_RATE	1	1	1	private mirror / effect outbox
$ENGINE_PAR_VC_WIDTH	1	1	1	private mirror / effect outbox
$ENGINE_PAR_WOWFLUTTER_AGE	1	1	1	private mirror / effect outbox
$ENGINE_PAR_WOWFLUTTER_FLUTTER	1	1	1	private mirror / effect outbox
$ENGINE_PAR_WOWFLUTTER_MIX	1	1	1	private mirror / effect outbox
$ENGINE_PAR_WOWFLUTTER_SATURATION	1	1	1	private mirror / effect outbox
$ENGINE_PAR_WOWFLUTTER_SCRAPE	1	1	1	private mirror / effect outbox
$ENGINE_PAR_WOWFLUTTER_SPEED	1	1	1	private mirror / effect outbox
$ENGINE_PAR_WOWFLUTTER_STEREO	1	1	1	private mirror / effect outbox
$ENGINE_PAR_WOWFLUTTER_WOW	1	1	1	private mirror / effect outbox
$ENGINE_PAR_WT_INHARMONIC_MODE	1	1	1	private mirror / effect outbox
$ENGINE_PAR_WT_MOD_TUNE_UNIT	1	1	1	private mirror / effect outbox
$ENGINE_PAR_WT_PHASE	1	1	1	private mirror / effect outbox
$ENGINE_PAR_WT_PHASE_RAND	1	1	1	private mirror / effect outbox
