Conflux	/mnt/MAIN_STORAGE/Libraries/Kontakt/Conflux 1.1.0 [Native Instruments]/Instruments/Conflux.nki	0
Areia-FullEns	/mnt/MAIN_STORAGE/Libraries/Kontakt/Areia 1.2.0 [Audio Imperia]/Instruments/01 Core Technique Patches/07 Areia - Full Ens - Core Techniques.nki	0
Dolce-Vln1	/mnt/MAIN_STORAGE/Libraries/Kontakt/Audio Imperia Dolce/Instruments/01 7 1st Violins/Dolce - 02 7 1st Violins - Sustained.nki	0
Barbarian	/mnt/MAIN_STORAGE/Libraries/Kontakt/Afflatus Chapter II Brass/Instruments/3. Curated Ensembles/Barbarian Brass.nki	0
UnaCorda-Felt	/mnt/MAIN_STORAGE/Libraries/Kontakt/Una Corda Library/Instruments/Una Corda Felt.nki	0
AnalogStrings	/mnt/MAIN_STORAGE/Libraries/Kontakt/ANALOG STRINGS/Instruments/ANALOG STRINGS.nki	0
Multi-ConfluxBigScreen	/mnt/MAIN_STORAGE/Libraries/Kontakt/Conflux 1.1.0 [Native Instruments]/Multis/Big Screen.nkm	0
UVI-AugOrch	/mnt/MAIN_STORAGE/Libraries/UVI/UVI - Augmented Orchestra v1.1.2-R2R/Augmented Orchestra.ufs/Presets/00 Orchestra/01 Strings/V Strings Bartok.uvip	0
Morphology	/mnt/MAIN_STORAGE/Libraries/Kontakt/Morphology Evolved [Zero-G] rutracker.org/Morphology Evolved.nki	0
Vista-Harp	/mnt/MAIN_STORAGE/Libraries/Kontakt/Performance Samples Vista/Instruments/Bonus/Vista - Harp.nki	0
Solo-Violin	/mnt/MAIN_STORAGE/Libraries/Kontakt/Solo/Instruments/01 Multi Patches/Solo - 01 Solo Violin.nki	0
Pacific-Cellos	/mnt/MAIN_STORAGE/Libraries/Kontakt/Pacific Ensemble Strings/Instruments/10 Cellos/Pacific - Ens Strings - 10 Cellos - Legato Sustains.nki	0
VWinds-Clarinet	/mnt/MAIN_STORAGE/Libraries/UVI/VWinds - Clarinets/VWinds-AClarinet.ufs/Presets/Clarinet A.uvip	0
VWinds-Flute	/mnt/MAIN_STORAGE/Libraries/UVI/VWinds - Flutes/VWinds-Alto_Flute.ufs/Presets/Alto Flute 2.uvip	0
