path	mode	address	delta	object_flag	verified_output
creation_address_gate	any	0	-	-	allowed
creation_address_gate	any	2047	-	-	allowed
creation_address_gate	any	2048	-	-	allowed
creation_address_gate	any	2049	-	-	rejected
creation_address_gate	any	65535	-	-	rejected
program_and_group_remap	2	0	0	0	address=0
program_and_group_remap	2	2047	0	0	address=2047
program_and_group_remap	2	2048	0	0	address=2048
program_and_group_remap	2	2049	0	0	address=2048
program_and_group_remap	2	65535	0	0	address=2048
program_and_group_remap	2	0	-1	0	address=0
program_and_group_remap	2	1	-1	0	address=0
program_and_group_remap	2	2047	1	0	address=2048
program_and_group_remap	2	2048	1	0	address=2048
program_and_group_remap	1	65535	0	0	address=65535
program_and_group_remap	2	65535	0	1	address=65535
