offset	width	reader	native_destination
0	4	0x140cf03c0	0x21b88
4	1	0x142a780c0	0x1fb15
5	1	0x142a780c0	0x1fb16
6	4	0x142a78270	0x1fb18
10	1	0x142a780c0	0x1fb14
11	4	0x142a78270	0x11bd0
15	4	0x142a78270	0x11bd8
19	1	0x142a780c0	0x11bdc
20	4	0x142a78270	0x11be0
24	1	0x142a780c0	0x11bdd
25	1	0x142a780c0	0x11bfc
26	1	0x142a780c0	0x11bfe
27	4	0x142a78270	0x11be4
31	1	0x142a780c0	0x11bf9
32	1	0x142a780c0	0x11bfa
33	1	0x142a780c0	0x11bfb
34	1	0x142a780c0	0x11c03
35	1	0x142a780c0	0x11c04
36	1	0x142a780c0	0x11c05
37	1	0x142a780c0	0x11c06
38	1	0x142a780c0	0x11c07
39	1	0x142a780c0	0x11bfd
40	1	0x142a780c0	0x11c01
41	1	0x142a780c0	0x11c09
42	1	0x142a780c0	0x11c0a
43	1	0x142a780c0	0x11c0c
44	4	0x142a78270	0x113c8
48	4	0x142a78270	0x12038
52	4	0x142a78270	0x1203c
56	1	0x142a780c0	0x12040
57	1	0x142a780c0	0x11c10
58	2	0x142a78220	0x11c0e
60	1	0x142a780c0	0x12040
