script_slot	parameter	value	group	fx_slot	generic
2	$ENGINE_PAR_EFFECT_BYPASS	0	88	0	-1
2	$ENGINE_PAR_EFFECT_BYPASS	1	-1	0	1002
2	$ENGINE_PAR_EFFECT_BYPASS	1	88	7	-1
2	$ENGINE_PAR_EFFECT_BYPASS	1	88	6	-1
2	$ENGINE_PAR_EFFECT_BYPASS	1	88	5	-1
2	$ENGINE_PAR_EFFECT_BYPASS	1	-1	1	1002
2	$ENGINE_PAR_SEND_EFFECT_BYPASS	1	-1	6	1002
2	$ENGINE_PAR_SEND_EFFECT_BYPASS	1	-1	7	1002
2	$ENGINE_PAR_EFFECT_BYPASS	0	139	0	-1
2	$ENGINE_PAR_EFFECT_BYPASS	0	-1	0	1003
2	$ENGINE_PAR_EFFECT_BYPASS	1	139	7	-1
2	$ENGINE_PAR_EFFECT_BYPASS	1	139	6	-1
2	$ENGINE_PAR_EFFECT_BYPASS	1	139	5	-1
2	$ENGINE_PAR_EFFECT_BYPASS	1	-1	1	1003
2	$ENGINE_PAR_SEND_EFFECT_BYPASS	1	-1	6	1003
2	$ENGINE_PAR_SEND_EFFECT_BYPASS	1	-1	7	1003
2	$ENGINE_PAR_SEND_EFFECT_BYPASS	0	-1	0	1
2	$ENGINE_PAR_EFFECT_BYPASS	1	-1	4	1002
2	$ENGINE_PAR_EFFECT_BYPASS	1	-1	4	1003
2	$ENGINE_PAR_SEND_EFFECT_BYPASS	0	-1	5	0
2	$ENGINE_PAR_EFFECT_BYPASS	1	-1	6	1
2	$ENGINE_PAR_EFFECT_BYPASS	1	-1	5	1
2	$ENGINE_PAR_EFFECT_BYPASS	0	-1	1	1
2	$ENGINE_PAR_EFFECT_BYPASS	0	-1	4	1
2	$ENGINE_PAR_EFFECT_BYPASS	1	-1	2	1
2	$ENGINE_PAR_EFFECT_BYPASS	0	-1	3	1
2	$ENGINE_PAR_SEND_EFFECT_BYPASS	0	-1	3	0
2	$ENGINE_PAR_SEND_EFFECT_BYPASS	1	-1	4	0
2	$ENGINE_PAR_INTMOD_BYPASS	1	88	6	-1
2	$ENGINE_PAR_INTMOD_BYPASS	1	88	7	-1
2	$ENGINE_PAR_EFFECT_BYPASS	1	88	4	-1
2	$ENGINE_PAR_EFFECT_BYPASS	0	88	0	-1
2	$ENGINE_PAR_EFFECT_BYPASS	1	-1	0	1002
2	$ENGINE_PAR_EFFECT_BYPASS	1	88	6	-1
2	$ENGINE_PAR_EFFECT_BYPASS	1	88	7	-1
2	$ENGINE_PAR_EFFECT_BYPASS	1	88	5	-1
2	$ENGINE_PAR_EFFECT_BYPASS	1	-1	1	1002
2	$ENGINE_PAR_SEND_EFFECT_BYPASS	1	-1	6	1002
2	$ENGINE_PAR_SEND_EFFECT_BYPASS	1	-1	7	1002
2	$ENGINE_PAR_INTMOD_BYPASS	0	88	2	-1
2	$ENGINE_PAR_GAIN1	500000	-1	0	1002
2	$ENGINE_PAR_GAIN2	508950	-1	0	1002
2	$ENGINE_PAR_GAIN3	500000	-1	0	1002
2	$ENGINE_PAR_EFFECT_BYPASS	1	88	7	-1
2	$ENGINE_PAR_INSERT_EFFECT_OUTPUT_GAIN	396280	88	7	-1
2	$ENGINE_PAR_EFFECT_BYPASS	1	88	6	-1
2	$ENGINE_PAR_EFFECT_BYPASS	1	88	5	-1
2	$ENGINE_PAR_INSERT_EFFECT_OUTPUT_GAIN	396933	-1	1	1002
2	$ENGINE_PAR_SEND_EFFECT_OUTPUT_GAIN	301398	-1	6	1002
2	$ENGINE_PAR_SEND_EFFECT_OUTPUT_GAIN	302380	-1	6	1002
2	$ENGINE_PAR_SEND_EFFECT_OUTPUT_GAIN	300813	-1	7	1002
2	$ENGINE_PAR_SEND_EFFECT_OUTPUT_GAIN	444143	-1	7	1002
2	$ENGINE_PAR_INTMOD_BYPASS	1	139	6	-1
2	$ENGINE_PAR_INTMOD_BYPASS	1	139	7	-1
2	$ENGINE_PAR_EFFECT_BYPASS	1	139	4	-1
2	$ENGINE_PAR_EFFECT_BYPASS	0	139	0	-1
2	$ENGINE_PAR_EFFECT_BYPASS	0	-1	0	1003
2	$ENGINE_PAR_EFFECT_BYPASS	1	139	6	-1
2	$ENGINE_PAR_EFFECT_BYPASS	1	139	7	-1
2	$ENGINE_PAR_EFFECT_BYPASS	1	139	5	-1
2	$ENGINE_PAR_EFFECT_BYPASS	1	-1	1	1003
2	$ENGINE_PAR_SEND_EFFECT_BYPASS	1	-1	6	1003
2	$ENGINE_PAR_SEND_EFFECT_BYPASS	1	-1	7	1003
2	$ENGINE_PAR_INTMOD_BYPASS	0	139	2	-1
2	$ENGINE_PAR_GAIN1	500000	-1	0	1003
2	$ENGINE_PAR_GAIN2	500000	-1	0	1003
2	$ENGINE_PAR_GAIN3	298350	-1	0	1003
2	$ENGINE_PAR_EFFECT_BYPASS	1	139	7	-1
2	$ENGINE_PAR_INSERT_EFFECT_OUTPUT_GAIN	396933	139	7	-1
2	$ENGINE_PAR_EFFECT_BYPASS	1	139	6	-1
2	$ENGINE_PAR_EFFECT_BYPASS	1	139	5	-1
2	$ENGINE_PAR_INSERT_EFFECT_OUTPUT_GAIN	396933	-1	1	1003
2	$ENGINE_PAR_SEND_EFFECT_OUTPUT_GAIN	309783	-1	6	1003
2	$ENGINE_PAR_SEND_EFFECT_OUTPUT_GAIN	305043	-1	6	1003
2	$ENGINE_PAR_SEND_EFFECT_OUTPUT_GAIN	302763	-1	7	1003
2	$ENGINE_PAR_SEND_EFFECT_OUTPUT_GAIN	445063	-1	7	1003
2	$ENGINE_PAR_EFFECT_BYPASS	1	-1	6	1
2	$ENGINE_PAR_EFFECT_BYPASS	1	-1	5	1
2	$ENGINE_PAR_SEND_EFFECT_BYPASS	0	-1	0	1
2	$ENGINE_PAR_EFFECT_BYPASS	1	-1	4	1002
2	$ENGINE_PAR_EFFECT_BYPASS	1	-1	4	1003
2	$ENGINE_PAR_EFFECT_BYPASS	0	-1	1	1
2	$ENGINE_PAR_EFFECT_BYPASS	0	-1	4	1
2	$ENGINE_PAR_EFFECT_BYPASS	1	-1	2	1
2	$ENGINE_PAR_EFFECT_BYPASS	0	-1	3	1
2	$ENGINE_PAR_SEND_EFFECT_BYPASS	0	-1	3	0
2	$ENGINE_PAR_SEND_EFFECT_BYPASS	1	-1	4	0
2	$ENGINE_PAR_SEND_EFFECT_BYPASS	0	-1	5	0
2	$ENGINE_PAR_EFFECT_BYPASS	1	-1	6	1
2	$ENGINE_PAR_EFFECT_BYPASS	1	-1	5	1
2	$ENGINE_PAR_GAIN1	501429	-1	0	1
2	$ENGINE_PAR_GAIN2	508950	-1	0	1
2	$ENGINE_PAR_GAIN3	372852	-1	0	1
2	$ENGINE_PAR_EFFECT_BYPASS	0	-1	1	1
2	$ENGINE_PAR_INSERT_EFFECT_OUTPUT_GAIN	560434	-1	1	1
2	$ENGINE_PAR_EFFECT_BYPASS	0	-1	4	1
2	$ENGINE_PAR_LIM_IN_GAIN	500011	-1	4	1
2	$ENGINE_PAR_EFFECT_BYPASS	1	-1	2	1
2	$ENGINE_PAR_SEND_EFFECT_OUTPUT_GAIN	303543	-1	2	1
2	$ENGINE_PAR_SEND_EFFECT_OUTPUT_GAIN	303068	-1	2	1
2	$ENGINE_PAR_EFFECT_BYPASS	0	-1	3	1
2	$ENGINE_PAR_SEND_EFFECT_OUTPUT_GAIN	0	-1	3	1
2	$ENGINE_PAR_SEND_EFFECT_OUTPUT_GAIN	3305	-1	3	1
2	$ENGINE_PAR_SEND_EFFECT_BYPASS	0	-1	3	0
2	$ENGINE_PAR_SEND_EFFECT_OUTPUT_GAIN	343419	-1	3	0
2	$ENGINE_PAR_SEND_EFFECT_BYPASS	1	-1	4	0
2	$ENGINE_PAR_SEND_EFFECT_OUTPUT_GAIN	397143	-1	4	0
2	$ENGINE_PAR_SEND_EFFECT_OUTPUT_GAIN	208581	-1	5	0
