engine	note	key	velocity	repeat	source	articulation	offset_frames	direction	gain_db	rms_db	ncc	status
native	0	60	20	0	Areia_16VlnsSstndVFMpDyn2RR1_61.ncw	16VlnsSstndVFMpDyn2RR1	21.0	forward	-17.9	-40.03	0.6940000057220459	identified
native	0	60	20	0	Areia_16VlnsMrctLngWdDyn3RR1_61.ncw	16VlnsMrctLngWdDyn3RR1			-22.7	-40.03	0.24699999392032623	identified
native	0	60	20	0	Areia_16VlnsSstndVSptDyn2RR1_61.ncw	16VlnsSstndVSptDyn2RR1			-19.9	-40.03	0.24500000476837158	identified
native	0	60	20	0	Areia_16VlnsSstndVFMDyn2RR1_61.ncw	16VlnsSstndVFMDyn2RR1			-13.6	-40.03	0.26499998569488525	identified
v1	0	60	20	0	Areia_16VlnsSstndVFMDyn3RR1_61.ncw	16VlnsSstndVFMDyn3RR1	9.0	forward	-4.6	-31.12	0.9599999785423279	identified
v1	0	60	20	0	Areia_16VlnsSstndVSptDyn3RR1_61.ncw	16VlnsSstndVSptDyn3RR1			-22.9	-31.12	0.5149999856948853	identified
v1	0	60	20	0	Areia_16VlnsSstndVSptDyn3RR1_61.ncw	16VlnsSstndVSptDyn3RR1			-26.9	-31.12	0.3610000014305115	identified
v1	0	60	20	0	Areia_16VlnsSstndVDccDyn3RR1_61.ncw	16VlnsSstndVDccDyn3RR1			-11.8	-31.12	0.3479999899864197	identified
native	1	60	20	1	Areia_16VlnsSstndVFMDyn2RR1_61.ncw	16VlnsSstndVFMDyn2RR1	8.0	forward	-3.4	-40.12	0.6650000214576721	identified
native	1	60	20	1	Areia_16VlnsSstndVFMpDyn2RR1_61.ncw	16VlnsSstndVFMpDyn2RR1			-26.8	-40.12	0.3160000145435333	identified
native	1	60	20	1	Areia_16VlnsStcctDccDyn1RR2_61.ncw	16VlnsStcctDccDyn1RR2			-20.2	-40.12	0.23499999940395355	identified
native	1	60	20	1	Areia_16VlnsSstndVFMpDyn3RR1_61.ncw	16VlnsSstndVFMpDyn3RR1			-24.5	-40.12	0.2290000021457672	identified
v1	1	60	20	1	Areia_16VlnsSstndVFMDyn3RR1_61.ncw	16VlnsSstndVFMDyn3RR1	11.0	forward	-4.7	-36.97	0.9490000009536743	identified
v1	1	60	20	1	Areia_16VlnsSstndVSptDyn3RR1_61.ncw	16VlnsSstndVSptDyn3RR1			-22.6	-36.97	0.4699999988079071	identified
v1	1	60	20	1	Areia_16VlnsSstndVDccDyn3RR1_61.ncw	16VlnsSstndVDccDyn3RR1			-12.2	-36.97	0.3240000009536743	identified
v1	1	60	20	1	Areia_16VlnsSstndVFMDyn3RR1_61.ncw	16VlnsSstndVFMDyn3RR1	11.0	forward	-19.8	-36.97	0.3490000069141388	identified
native	2	60	20	2	Areia_16VlnsSstndVFMpDyn2RR1_61.ncw	16VlnsSstndVFMpDyn2RR1	21.0	forward	-17.8	-40.03	0.6890000104904175	identified
native	2	60	20	2	Areia_16VlnsMrctLngWdDyn3RR1_61.ncw	16VlnsMrctLngWdDyn3RR1			-22.7	-40.03	0.2460000067949295	identified
native	2	60	20	2	Areia_16VlnsSstndVSptDyn2RR1_61.ncw	16VlnsSstndVSptDyn2RR1			-19.9	-40.03	0.23999999463558197	identified
native	2	60	20	2	Areia_16VlnsSstndVFMDyn2RR1_61.ncw	16VlnsSstndVFMDyn2RR1			-13.6	-40.03	0.26100000739097595	identified
v1	2	60	20	2	Areia_16VlnsSstndVFMDyn3RR1_61.ncw	16VlnsSstndVFMDyn3RR1	11.0	forward	-4.6	-36.59	0.9490000009536743	identified
v1	2	60	20	2	Areia_16VlnsSstndVSptDyn3RR1_61.ncw	16VlnsSstndVSptDyn3RR1			-22.4	-36.59	0.48399999737739563	identified
v1	2	60	20	2	Areia_16VlnsSstndVDccDyn3RR1_61.ncw	16VlnsSstndVDccDyn3RR1			-12.1	-36.59	0.32600000500679016	identified
v1	2	60	20	2	Areia_16VlnsSstndVFMDyn3RR1_61.ncw	16VlnsSstndVFMDyn3RR1	11.0	forward	-20.0	-36.59	0.335999995470047	identified
native	3	60	20	3	Areia_16VlnsSstndVFMDyn2RR1_61.ncw	16VlnsSstndVFMDyn2RR1	-15.0	forward	-3.3	-40.02	0.6650000214576721	identified
native	3	60	20	3	Areia_16VlnsSstndVFMpDyn2RR1_61.ncw	16VlnsSstndVFMpDyn2RR1			-26.6	-40.02	0.3230000138282776	identified
native	3	60	20	3	Areia_16VlnsStcctDccDyn1RR2_61.ncw	16VlnsStcctDccDyn1RR2			-20.2	-40.02	0.23499999940395355	identified
native	3	60	20	3	Areia_16VlnsMrctLngWdDyn3RR1_61.ncw	16VlnsMrctLngWdDyn3RR1			-23.6	-40.02	0.2290000021457672	identified
v1	3	60	20	3	Areia_16VlnsSstndVFMDyn3RR1_61.ncw	16VlnsSstndVFMDyn3RR1	11.0	forward	-4.5	-36.54	0.9520000219345093	identified
v1	3	60	20	3	Areia_16VlnsSstndVSptDyn3RR1_61.ncw	16VlnsSstndVSptDyn3RR1			-22.4	-36.54	0.492000013589859	identified
v1	3	60	20	3	Areia_16VlnsSstndVDccDyn3RR1_61.ncw	16VlnsSstndVDccDyn3RR1			-11.9	-36.54	0.3310000002384186	identified
v1	3	60	20	3	Areia_16VlnsSstndVFMDyn3RR1_61.ncw	16VlnsSstndVFMDyn3RR1	11.0	forward	-20.8	-36.54	0.32199999690055847	identified
native	4	60	60	0	Areia_16VlnsSstndVFMDyn2RR1_61.ncw	16VlnsSstndVFMDyn2RR1	15.0	forward	-3.4	-40.01	0.6610000133514404	identified
native	4	60	60	0	Areia_16VlnsSstndVFMpDyn2RR1_61.ncw	16VlnsSstndVFMpDyn2RR1			-26.4	-40.01	0.3269999921321869	identified
native	4	60	60	0	Areia_16VlnsStcctDccDyn1RR2_61.ncw	16VlnsStcctDccDyn1RR2			-20.2	-40.01	0.23499999940395355	identified
native	4	60	60	0	Areia_16VlnsMrctLngWdDyn3RR1_61.ncw	16VlnsMrctLngWdDyn3RR1			-23.6	-40.01	0.2290000021457672	identified
v1	4	60	60	0	Areia_16VlnsSstndVFMDyn3RR1_61.ncw	16VlnsSstndVFMDyn3RR1	9.0	forward	-4.6	-37.14	0.9459999799728394	identified
v1	4	60	60	0	Areia_16VlnsSstndVSptDyn3RR1_61.ncw	16VlnsSstndVSptDyn3RR1			-22.8	-37.14	0.4410000145435333	identified
v1	4	60	60	0	Areia_16VlnsSstndVDccDyn3RR1_61.ncw	16VlnsSstndVDccDyn3RR1			-12.0	-37.14	0.33500000834465027	identified
v1	4	60	60	0	Areia_16VlnsSstndVFMDyn3RR1_61.ncw	16VlnsSstndVFMDyn3RR1	9.0	forward	-19.5	-37.14	0.35100001096725464	identified
native	5	60	60	1	Areia_16VlnsSstndVFMDyn2RR1_61.ncw	16VlnsSstndVFMDyn2RR1	-13.0	forward	-3.4	-39.98	0.6639999747276306	identified
native	5	60	60	1	Areia_16VlnsSstndVFMpDyn2RR1_61.ncw	16VlnsSstndVFMpDyn2RR1			-26.8	-39.98	0.3149999976158142	identified
native	5	60	60	1	Areia_16VlnsStcctDccDyn1RR2_61.ncw	16VlnsStcctDccDyn1RR2			-20.2	-39.98	0.23499999940395355	identified
native	5	60	60	1	Areia_16VlnsMrctLngWdDyn3RR1_61.ncw	16VlnsMrctLngWdDyn3RR1			-23.6	-39.98	0.2290000021457672	identified
v1	5	60	60	1	Areia_16VlnsSstndVFMDyn3RR1_61.ncw	16VlnsSstndVFMDyn3RR1	9.0	forward	-4.6	-36.84	0.9480000138282776	identified
v1	5	60	60	1	Areia_16VlnsSstndVSptDyn3RR1_61.ncw	16VlnsSstndVSptDyn3RR1			-22.4	-36.84	0.4749999940395355	identified
v1	5	60	60	1	Areia_16VlnsSstndVDccDyn3RR1_61.ncw	16VlnsSstndVDccDyn3RR1			-12.2	-36.84	0.32499998807907104	identified
v1	5	60	60	1	Areia_16VlnsSstndVFMDyn3RR1_61.ncw	16VlnsSstndVFMDyn3RR1	9.0	forward	-19.9	-36.84	0.34299999475479126	identified
native	6	60	60	2	Areia_16VlnsSstndVFMpDyn2RR1_61.ncw	16VlnsSstndVFMpDyn2RR1	-8.0	forward	-17.8	-40.0	0.6850000023841858	identified
native	6	60	60	2	Areia_16VlnsMrctLngWdDyn3RR1_61.ncw	16VlnsMrctLngWdDyn3RR1			-22.7	-40.0	0.2460000067949295	identified
native	6	60	60	2	Areia_16VlnsMrctShrtSptDyn1RR3_61.ncw	16VlnsMrctShrtSptDyn1RR3			-7.2	-40.0	0.23199999332427979	identified
native	6	60	60	2	Areia_16VlnsStcctDccDyn1RR2_61.ncw	16VlnsStcctDccDyn1RR2			-20.6	-40.0	0.23199999332427979	identified
v1	6	60	60	2	Areia_16VlnsSstndVFMDyn3RR1_61.ncw	16VlnsSstndVFMDyn3RR1	9.0	forward	-4.5	-36.53	0.9520000219345093	identified
v1	6	60	60	2	Areia_16VlnsSstndVSptDyn3RR1_61.ncw	16VlnsSstndVSptDyn3RR1			-22.4	-36.53	0.4869999885559082	identified
v1	6	60	60	2	Areia_16VlnsSstndVDccDyn3RR1_61.ncw	16VlnsSstndVDccDyn3RR1			-12.0	-36.53	0.3310000002384186	identified
v1	6	60	60	2	Areia_16VlnsSstndVFMDyn3RR1_61.ncw	16VlnsSstndVFMDyn3RR1	9.0	forward	-20.2	-36.53	0.33500000834465027	identified
native	7	60	60	3	Areia_16VlnsSstndVFMpDyn2RR1_61.ncw	16VlnsSstndVFMpDyn2RR1	-9.0	forward	-17.8	-39.87	0.6880000233650208	identified
native	7	60	60	3	Areia_16VlnsMrctLngWdDyn3RR1_61.ncw	16VlnsMrctLngWdDyn3RR1			-22.7	-39.87	0.2460000067949295	identified
native	7	60	60	3	Areia_16VlnsSstndVSptDyn2RR1_61.ncw	16VlnsSstndVSptDyn2RR1			-20.1	-39.87	0.23399999737739563	identified
native	7	60	60	3	Areia_16VlnsSstndVFMDyn2RR1_61.ncw	16VlnsSstndVFMDyn2RR1			-13.5	-39.87	0.2639999985694885	identified
v1	7	60	60	3	Areia_16VlnsSstndVFMDyn3RR1_61.ncw	16VlnsSstndVFMDyn3RR1	9.0	forward	-4.6	-36.83	0.9490000009536743	identified
v1	7	60	60	3	Areia_16VlnsSstndVSptDyn3RR1_61.ncw	16VlnsSstndVSptDyn3RR1			-22.5	-36.83	0.4729999899864197	identified
v1	7	60	60	3	Areia_16VlnsSstndVDccDyn3RR1_61.ncw	16VlnsSstndVDccDyn3RR1			-11.9	-36.83	0.33500000834465027	identified
v1	7	60	60	3	Areia_16VlnsSstndVFMDyn3RR1_61.ncw	16VlnsSstndVFMDyn3RR1	9.0	forward	-20.2	-36.83	0.32899999618530273	identified
native	8	60	100	0	Areia_16VlnsSstndVFMpDyn2RR1_61.ncw	16VlnsSstndVFMpDyn2RR1	11.0	forward	-17.9	-40.01	0.6790000200271606	identified
native	8	60	100	0	Areia_16VlnsMrctLngWdDyn3RR1_61.ncw	16VlnsMrctLngWdDyn3RR1			-22.7	-40.01	0.2460000067949295	identified
native	8	60	100	0	Areia_16VlnsSstndVSptDyn2RR1_61.ncw	16VlnsSstndVSptDyn2RR1			-19.9	-40.01	0.23499999940395355	identified
native	8	60	100	0	Areia_16VlnsSstndVFMDyn2RR1_61.ncw	16VlnsSstndVFMDyn2RR1			-13.5	-40.01	0.26100000739097595	identified
v1	8	60	100	0	Areia_16VlnsSstndVFMDyn3RR1_61.ncw	16VlnsSstndVFMDyn3RR1	9.0	forward	-4.7	-36.98	0.9490000009536743	identified
v1	8	60	100	0	Areia_16VlnsSstndVSptDyn3RR1_61.ncw	16VlnsSstndVSptDyn3RR1			-23.0	-36.98	0.44999998807907104	identified
v1	8	60	100	0	Areia_16VlnsSstndVDccDyn3RR1_61.ncw	16VlnsSstndVDccDyn3RR1			-12.2	-36.98	0.32899999618530273	identified
v1	8	60	100	0	Areia_16VlnsSstndVFMDyn3RR1_61.ncw	16VlnsSstndVFMDyn3RR1	9.0	forward	-19.9	-36.98	0.3490000069141388	identified
native	9	60	100	1	Areia_16VlnsSstndVFMpDyn2RR1_61.ncw	16VlnsSstndVFMpDyn2RR1	19.0	forward	-17.8	-40.01	0.6819999814033508	identified
native	9	60	100	1	Areia_16VlnsMrctLngWdDyn3RR1_61.ncw	16VlnsMrctLngWdDyn3RR1			-22.7	-40.01	0.2460000067949295	identified
native	9	60	100	1	Areia_16VlnsSstndVSptDyn2RR1_61.ncw	16VlnsSstndVSptDyn2RR1			-20.0	-40.01	0.23399999737739563	identified
native	9	60	100	1	Areia_16VlnsSstndVFMDyn2RR1_61.ncw	16VlnsSstndVFMDyn2RR1			-13.5	-40.01	0.2619999945163727	identified
v1	9	60	100	1	Areia_16VlnsSstndVFMDyn3RR1_61.ncw	16VlnsSstndVFMDyn3RR1	9.0	forward	-4.7	-36.62	0.9470000267028809	identified
v1	9	60	100	1	Areia_16VlnsSstndVSptDyn3RR1_61.ncw	16VlnsSstndVSptDyn3RR1			-22.5	-36.62	0.46700000762939453	identified
v1	9	60	100	1	Areia_16VlnsMrctShrtFMDyn3RR3_61.ncw	16VlnsMrctShrtFMDyn3RR3			-13.7	-36.62	0.3269999921321869	identified
v1	9	60	100	1	Areia_16VlnsSstndVDccDyn3RR1_61.ncw	16VlnsSstndVDccDyn3RR1			-13.3	-36.62	0.2980000078678131	identified
native	10	60	100	2	Areia_16VlnsSstndVFMDyn2RR1_61.ncw	16VlnsSstndVFMDyn2RR1	-6.0	forward	-3.4	-40.01	0.6660000085830688	identified
native	10	60	100	2	Areia_16VlnsSstndVFMpDyn2RR1_61.ncw	16VlnsSstndVFMpDyn2RR1			-26.7	-40.01	0.3179999887943268	identified
native	10	60	100	2	Areia_16VlnsStcctDccDyn1RR2_61.ncw	16VlnsStcctDccDyn1RR2			-20.2	-40.01	0.23499999940395355	identified
native	10	60	100	2	Areia_16VlnsMrctLngWdDyn3RR1_61.ncw	16VlnsMrctLngWdDyn3RR1			-23.6	-40.01	0.2290000021457672	identified
v1	10	60	100	2	Areia_16VlnsSstndVFMDyn3RR1_61.ncw	16VlnsSstndVFMDyn3RR1	11.0	forward	-4.6	-36.83	0.9490000009536743	identified
v1	10	60	100	2	Areia_16VlnsSstndVSptDyn3RR1_61.ncw	16VlnsSstndVSptDyn3RR1			-22.7	-36.83	0.4650000035762787	identified
v1	10	60	100	2	Areia_16VlnsSstndVDccDyn3RR1_61.ncw	16VlnsSstndVDccDyn3RR1			-12.0	-36.83	0.335999995470047	identified
v1	10	60	100	2	Areia_16VlnsSstndVFMDyn3RR1_61.ncw	16VlnsSstndVFMDyn3RR1	11.0	forward	-19.2	-36.83	0.3700000047683716	identified
native	11	60	100	3	Areia_16VlnsSstndVFMDyn2RR1_61.ncw	16VlnsSstndVFMDyn2RR1	-17.0	forward	-3.4	-39.86	0.6650000214576721	identified
native	11	60	100	3	Areia_16VlnsSstndVFMpDyn2RR1_61.ncw	16VlnsSstndVFMpDyn2RR1			-26.5	-39.86	0.3240000009536743	identified
native	11	60	100	3	Areia_16VlnsStcctDccDyn1RR2_61.ncw	16VlnsStcctDccDyn1RR2			-20.2	-39.86	0.23499999940395355	identified
native	11	60	100	3	Areia_16VlnsMrctLngWdDyn3RR1_61.ncw	16VlnsMrctLngWdDyn3RR1			-23.6	-39.86	0.2290000021457672	identified
v1	11	60	100	3	Areia_16VlnsSstndVFMDyn3RR1_61.ncw	16VlnsSstndVFMDyn3RR1	11.0	forward	-4.7	-36.97	0.9490000009536743	identified
v1	11	60	100	3	Areia_16VlnsSstndVSptDyn3RR1_61.ncw	16VlnsSstndVSptDyn3RR1			-22.6	-36.97	0.4690000116825104	identified
v1	11	60	100	3	Areia_16VlnsSstndVDccDyn3RR1_61.ncw	16VlnsSstndVDccDyn3RR1			-12.2	-36.97	0.3230000138282776	identified
v1	11	60	100	3	Areia_16VlnsSstndVFMDyn3RR1_61.ncw	16VlnsSstndVFMDyn3RR1	11.0	forward	-19.9	-36.97	0.3479999899864197	identified
native	12	60	127	0	Areia_16VlnsSstndVFMpDyn2RR1_61.ncw	16VlnsSstndVFMpDyn2RR1	21.0	forward	-17.8	-40.04	0.6880000233650208	identified
native	12	60	127	0	Areia_16VlnsMrctLngWdDyn3RR1_61.ncw	16VlnsMrctLngWdDyn3RR1			-22.7	-40.04	0.24699999392032623	identified
native	12	60	127	0	Areia_16VlnsSstndVSptDyn2RR1_61.ncw	16VlnsSstndVSptDyn2RR1			-20.1	-40.04	0.2329999953508377	identified
native	12	60	127	0	Areia_16VlnsSstndVFMDyn2RR1_61.ncw	16VlnsSstndVFMDyn2RR1			-13.5	-40.04	0.26499998569488525	identified
v1	12	60	127	0	Areia_16VlnsSstndVFMDyn3RR1_61.ncw	16VlnsSstndVFMDyn3RR1	11.0	forward	-4.7	-36.59	0.9490000009536743	identified
v1	12	60	127	0	Areia_16VlnsSstndVSptDyn3RR1_61.ncw	16VlnsSstndVSptDyn3RR1			-22.4	-36.59	0.4830000102519989	identified
v1	12	60	127	0	Areia_16VlnsSstndVDccDyn3RR1_61.ncw	16VlnsSstndVDccDyn3RR1			-12.1	-36.59	0.32600000500679016	identified
v1	12	60	127	0	Areia_16VlnsSstndVFMDyn3RR1_61.ncw	16VlnsSstndVFMDyn3RR1	11.0	forward	-20.0	-36.59	0.33799999952316284	identified
native	13	60	127	1	Areia_16VlnsSstndVFMDyn2RR1_61.ncw	16VlnsSstndVFMDyn2RR1	-23.0	forward	-3.4	-40.02	0.6639999747276306	identified
native	13	60	127	1	Areia_16VlnsSstndVFMpDyn2RR1_61.ncw	16VlnsSstndVFMpDyn2RR1			-26.4	-40.02	0.328000009059906	identified
native	13	60	127	1	Areia_16VlnsStcctDccDyn1RR2_61.ncw	16VlnsStcctDccDyn1RR2			-20.2	-40.02	0.23499999940395355	identified
native	13	60	127	1	Areia_16VlnsMrctLngWdDyn3RR1_61.ncw	16VlnsMrctLngWdDyn3RR1			-23.6	-40.02	0.2290000021457672	identified
v1	13	60	127	1	Areia_16VlnsSstndVFMDyn3RR1_61.ncw	16VlnsSstndVFMDyn3RR1	11.0	forward	-4.5	-36.55	0.9520000219345093	identified
v1	13	60	127	1	Areia_16VlnsSstndVSptDyn3RR1_61.ncw	16VlnsSstndVSptDyn3RR1			-22.4	-36.55	0.4909999966621399	identified
v1	13	60	127	1	Areia_16VlnsSstndVDccDyn3RR1_61.ncw	16VlnsSstndVDccDyn3RR1			-11.9	-36.55	0.3310000002384186	identified
v1	13	60	127	1	Areia_16VlnsSstndVFMDyn3RR1_61.ncw	16VlnsSstndVFMDyn3RR1	11.0	forward	-20.4	-36.55	0.3230000138282776	identified
native	14	60	127	2	Areia_16VlnsSstndVFMpDyn2RR1_61.ncw	16VlnsSstndVFMpDyn2RR1	21.0	forward	-17.9	-40.03	0.6840000152587891	identified
native	14	60	127	2	Areia_16VlnsMrctLngWdDyn3RR1_61.ncw	16VlnsMrctLngWdDyn3RR1			-22.7	-40.03	0.24699999392032623	identified
native	14	60	127	2	Areia_16VlnsSstndVSptDyn2RR1_61.ncw	16VlnsSstndVSptDyn2RR1			-19.8	-40.03	0.23999999463558197	identified
native	14	60	127	2	Areia_16VlnsSstndVFMDyn2RR1_61.ncw	16VlnsSstndVFMDyn2RR1			-13.7	-40.03	0.2590000033378601	identified
v1	14	60	127	2	Areia_16VlnsSstndVFMDyn3RR1_61.ncw	16VlnsSstndVFMDyn3RR1	11.0	forward	-4.6	-37.14	0.9459999799728394	identified
v1	14	60	127	2	Areia_16VlnsSstndVSptDyn3RR1_61.ncw	16VlnsSstndVSptDyn3RR1			-22.8	-37.14	0.4410000145435333	identified
v1	14	60	127	2	Areia_16VlnsSstndVDccDyn3RR1_61.ncw	16VlnsSstndVDccDyn3RR1			-12.0	-37.14	0.335999995470047	identified
v1	14	60	127	2	Areia_16VlnsSstndVFMDyn3RR1_61.ncw	16VlnsSstndVFMDyn3RR1	11.0	forward	-19.5	-37.14	0.3529999852180481	identified
native	15	60	127	3	Areia_16VlnsSstndVFMDyn2RR1_61.ncw	16VlnsSstndVFMDyn2RR1	-26.0	forward	-3.5	-40.2	0.6589999794960022	identified
native	15	60	127	3	Areia_16VlnsSstndVFMpDyn2RR1_61.ncw	16VlnsSstndVFMpDyn2RR1			-26.5	-40.2	0.3269999921321869	identified
native	15	60	127	3	Areia_16VlnsStcctDccDyn1RR2_61.ncw	16VlnsStcctDccDyn1RR2			-20.2	-40.2	0.23499999940395355	identified
native	15	60	127	3	Areia_16VlnsMrctLngWdDyn3RR1_61.ncw	16VlnsMrctLngWdDyn3RR1			-23.6	-40.2	0.2290000021457672	identified
v1	15	60	127	3	Areia_16VlnsSstndVFMDyn3RR1_61.ncw	16VlnsSstndVFMDyn3RR1	11.0	forward	-4.6	-36.83	0.9480000138282776	identified
v1	15	60	127	3	Areia_16VlnsSstndVSptDyn3RR1_61.ncw	16VlnsSstndVSptDyn3RR1			-22.3	-36.83	0.47699999809265137	identified
v1	15	60	127	3	Areia_16VlnsSstndVDccDyn3RR1_61.ncw	16VlnsSstndVDccDyn3RR1			-12.2	-36.83	0.3240000009536743	identified
v1	15	60	127	3	Areia_16VlnsSstndVFMDyn3RR1_61.ncw	16VlnsSstndVFMDyn3RR1	11.0	forward	-19.8	-36.83	0.3449999988079071	identified
native	16	72	20	0	Areia_16VlnsSstndVSptDyn2RR1_73.ncw	16VlnsSstndVSptDyn2RR1	-13.0	forward	-3.9	-42.14	0.7390000224113464	identified
native	16	72	20	0	Areia_16VlnsSstndVSptDyn2RR1_73.ncw	16VlnsSstndVSptDyn2RR1	-13.0	forward	-11.2	-42.14	0.4749999940395355	identified
native	16	72	20	0	Areia_16VlnsMrctLngSptDyn3RR4_73.ncw	16VlnsMrctLngSptDyn3RR4			-33.6	-42.14	0.3779999911785126	identified
native	16	72	20	0	Areia_16VlnsPrttRlsFrDyn3RR3_73.ncw	16VlnsPrttRlsFrDyn3RR3			-14.2	-42.14	0.3089999854564667	identified
v1	16	72	20	0	Areia_16VlnsSstndVFMDyn3RR1_73.ncw	16VlnsSstndVFMDyn3RR1	6.0	forward	-4.6	-37.29	0.9589999914169312	identified
v1	16	72	20	0	Areia_16VlnsSstndVSptDyn3RR1_73.ncw	16VlnsSstndVSptDyn3RR1			-20.5	-37.29	0.6320000290870667	identified
v1	16	72	20	0	Areia_16VlnsSstndVDccDyn3RR1_73.ncw	16VlnsSstndVDccDyn3RR1			-21.4	-37.29	0.4740000069141388	identified
v1	16	72	20	0	Areia_16VlnsStcctSptDyn1RR4_73.ncw	16VlnsStcctSptDyn1RR4			8.3	-37.29	0.42899999022483826	identified
native	17	72	20	1	Areia_16VlnsSstndVSptDyn2RR1_73.ncw	16VlnsSstndVSptDyn2RR1	-2.0	forward	-3.7	-42.11	0.7749999761581421	identified
native	17	72	20	1	Areia_16VlnsMrctLngFMpDyn3RR4_73.ncw	16VlnsMrctLngFMpDyn3RR4			-42.3	-42.11	0.4000000059604645	identified
native	17	72	20	1	Areia_16VlnsStcctFMDyn3RR2_73.ncw	16VlnsStcctFMDyn3RR2			-18.0	-42.11	0.3109999895095825	identified
native	17	72	20	1	Areia_16VlnsMrctShrtFMDyn3RR4_73.ncw	16VlnsMrctShrtFMDyn3RR4			-36.2	-42.11	0.30799999833106995	identified
v1	17	72	20	1	Areia_16VlnsSstndVFMDyn3RR1_73.ncw	16VlnsSstndVFMDyn3RR1	6.0	forward	-4.8	-37.28	0.9559999704360962	identified
v1	17	72	20	1	Areia_16VlnsSstndVSptDyn3RR1_73.ncw	16VlnsSstndVSptDyn3RR1			-20.3	-37.28	0.621999979019165	identified
v1	17	72	20	1	Areia_16VlnsSstndVDccDyn3RR1_73.ncw	16VlnsSstndVDccDyn3RR1			-21.5	-37.28	0.4519999921321869	identified
v1	17	72	20	1	Areia_16VlnsStcctSptDyn1RR4_73.ncw	16VlnsStcctSptDyn1RR4			7.9	-37.28	0.414000004529953	identified
native	18	72	20	2	Areia_16VlnsSstndVSptDyn2RR1_73.ncw	16VlnsSstndVSptDyn2RR1	11.0	forward	-3.7	-42.2	0.7730000019073486	identified
native	18	72	20	2	Areia_16VlnsMrctLngFMpDyn3RR4_73.ncw	16VlnsMrctLngFMpDyn3RR4			-42.4	-42.2	0.39800000190734863	identified
native	18	72	20	2	Areia_16VlnsSstndVSptDyn2RR1_73.ncw	16VlnsSstndVSptDyn2RR1	11.0	forward	-15.3	-42.2	0.3160000145435333	identified
native	18	72	20	2	Areia_16VlnsMrctShrtFMDyn3RR4_73.ncw	16VlnsMrctShrtFMDyn3RR4			-36.1	-42.2	0.31299999356269836	identified
v1	18	72	20	2	Areia_16VlnsSstndVFMDyn3RR1_73.ncw	16VlnsSstndVFMDyn3RR1	6.0	forward	-4.7	-37.51	0.9539999961853027	identified
v1	18	72	20	2	Areia_16VlnsSstndVSptDyn3RR1_73.ncw	16VlnsSstndVSptDyn3RR1			-20.3	-37.51	0.6209999918937683	identified
v1	18	72	20	2	Areia_16VlnsSstndVDccDyn3RR1_73.ncw	16VlnsSstndVDccDyn3RR1			-21.1	-37.51	0.47099998593330383	identified
v1	18	72	20	2	Areia_16VlnsStcctSptDyn1RR4_73.ncw	16VlnsStcctSptDyn1RR4			7.9	-37.51	0.41499999165534973	identified
native	19	72	20	3	Areia_16VlnsSstndVSptDyn2RR1_73.ncw	16VlnsSstndVSptDyn2RR1	-11.0	forward	-4.0	-42.2	0.7369999885559082	identified
native	19	72	20	3	Areia_16VlnsSstndVSptDyn2RR1_73.ncw	16VlnsSstndVSptDyn2RR1	-11.0	forward	-11.1	-42.2	0.4830000102519989	identified
native	19	72	20	3	Areia_16VlnsMrctLngSptDyn3RR4_73.ncw	16VlnsMrctLngSptDyn3RR4			-33.6	-42.2	0.3779999911785126	identified
native	19	72	20	3	Areia_16VlnsStcctFMDyn3RR2_73.ncw	16VlnsStcctFMDyn3RR2			-18.1	-42.2	0.3089999854564667	identified
v1	19	72	20	3	Areia_16VlnsSstndVFMpDyn3RR1_73.ncw	16VlnsSstndVFMpDyn3RR1	19.0	forward	-15.5	-37.53	0.9580000042915344	identified
v1	19	72	20	3	Areia_16VlnsSstndVFMpDyn3RR1_73.ncw	16VlnsSstndVFMpDyn3RR1	19.0	forward	-28.2	-37.53	0.7730000019073486	identified
v1	19	72	20	3	Areia_16VlnsSstndVFMDyn3RR1_73.ncw	16VlnsSstndVFMDyn3RR1			-9.4	-37.53	0.7179999947547913	identified
v1	19	72	20	3	Areia_16VlnsSstndVDccDyn3RR1_73.ncw	16VlnsSstndVDccDyn3RR1			-13.5	-37.53	0.4869999885559082	identified
native	20	72	60	0	Areia_16VlnsSstndVSptDyn2RR1_73.ncw	16VlnsSstndVSptDyn2RR1	8.0	forward	-4.0	-42.3	0.7360000014305115	identified
native	20	72	60	0	Areia_16VlnsSstndVSptDyn2RR1_73.ncw	16VlnsSstndVSptDyn2RR1	8.0	forward	-11.2	-42.3	0.4790000021457672	identified
native	20	72	60	0	Areia_16VlnsMrctLngSptDyn3RR4_73.ncw	16VlnsMrctLngSptDyn3RR4			-33.7	-42.3	0.37700000405311584	identified
native	20	72	60	0	Areia_16VlnsStcctFMDyn3RR2_73.ncw	16VlnsStcctFMDyn3RR2			-18.2	-42.3	0.30799999833106995	identified
v1	20	72	60	0	Areia_16VlnsSstndVFMpDyn3RR1_73.ncw	16VlnsSstndVFMpDyn3RR1	19.0	forward	-15.5	-37.35	0.9559999704360962	identified
v1	20	72	60	0	Areia_16VlnsSstndVFMpDyn3RR1_73.ncw	16VlnsSstndVFMpDyn3RR1	19.0	forward	-27.9	-37.35	0.7799999713897705	identified
v1	20	72	60	0	Areia_16VlnsSstndVFMDyn3RR1_73.ncw	16VlnsSstndVFMDyn3RR1			-9.3	-37.35	0.7260000109672546	identified
v1	20	72	60	0	Areia_16VlnsSstndVDccDyn3RR1_73.ncw	16VlnsSstndVDccDyn3RR1			-13.8	-37.35	0.4880000054836273	identified
native	21	72	60	1	Areia_16VlnsSstndVSptDyn2RR1_73.ncw	16VlnsSstndVSptDyn2RR1	23.0	forward	-3.7	-42.26	0.7730000019073486	identified
native	21	72	60	1	Areia_16VlnsMrctLngFMpDyn3RR4_73.ncw	16VlnsMrctLngFMpDyn3RR4			-42.4	-42.26	0.39800000190734863	identified
native	21	72	60	1	Areia_16VlnsStcctFMDyn3RR2_73.ncw	16VlnsStcctFMDyn3RR2			-18.0	-42.26	0.3109999895095825	identified
native	21	72	60	1	Areia_16VlnsSstndVSptDyn2RR1_73.ncw	16VlnsSstndVSptDyn2RR1	23.0	forward	-15.5	-42.26	0.3109999895095825	identified
v1	21	72	60	1	Areia_16VlnsSstndVFMpDyn3RR1_73.ncw	16VlnsSstndVFMpDyn3RR1	19.0	forward	-15.4	-37.71	0.953000009059906	identified
v1	21	72	60	1	Areia_16VlnsSstndVFMpDyn3RR1_73.ncw	16VlnsSstndVFMpDyn3RR1	19.0	forward	-27.6	-37.71	0.7770000100135803	identified
v1	21	72	60	1	Areia_16VlnsSstndVFMDyn3RR1_73.ncw	16VlnsSstndVFMDyn3RR1			-9.4	-37.71	0.718999981880188	identified
v1	21	72	60	1	Areia_16VlnsSstndVDccDyn3RR1_73.ncw	16VlnsSstndVDccDyn3RR1			-13.8	-37.71	0.492000013589859	identified
native	22	72	60	2	Areia_16VlnsSstndVSptDyn2RR1_73.ncw	16VlnsSstndVSptDyn2RR1	-15.0	forward	-3.7	-42.14	0.7739999890327454	identified
native	22	72	60	2	Areia_16VlnsMrctLngFMpDyn3RR4_73.ncw	16VlnsMrctLngFMpDyn3RR4			-42.3	-42.14	0.39899998903274536	identified
native	22	72	60	2	Areia_16VlnsSstndVSptDyn2RR1_73.ncw	16VlnsSstndVSptDyn2RR1	-15.0	forward	-15.3	-42.14	0.31700000166893005	identified
native	22	72	60	2	Areia_16VlnsMrctShrtFMDyn3RR4_73.ncw	16VlnsMrctShrtFMDyn3RR4			-36.1	-42.14	0.31299999356269836	identified
v1	22	72	60	2	Areia_16VlnsSstndVFMDyn3RR1_73.ncw	16VlnsSstndVFMDyn3RR1	6.0	forward	-4.6	-37.31	0.9570000171661377	identified
v1	22	72	60	2	Areia_16VlnsSstndVSptDyn3RR1_73.ncw	16VlnsSstndVSptDyn3RR1			-20.8	-37.31	0.5799999833106995	identified
v1	22	72	60	2	Areia_16VlnsSstndVDccDyn3RR1_73.ncw	16VlnsSstndVDccDyn3RR1			-20.9	-37.31	0.4620000123977661	identified
v1	22	72	60	2	Areia_16VlnsStcctSptDyn1RR4_73.ncw	16VlnsStcctSptDyn1RR4			7.4	-37.31	0.4009999930858612	identified
native	23	72	60	3	Areia_16VlnsSstndVSptDyn2RR1_73.ncw	16VlnsSstndVSptDyn2RR1	-8.0	forward	-3.7	-42.25	0.777999997138977	identified
native	23	72	60	3	Areia_16VlnsMrctLngFMpDyn3RR4_73.ncw	16VlnsMrctLngFMpDyn3RR4			-42.3	-42.25	0.4000000059604645	identified
native	23	72	60	3	Areia_16VlnsSstndVSptDyn2RR1_73.ncw	16VlnsSstndVSptDyn2RR1	-8.0	forward	-15.3	-42.25	0.32100000977516174	identified
native	23	72	60	3	Areia_16VlnsMrctShrtFMDyn3RR4_73.ncw	16VlnsMrctShrtFMDyn3RR4			-36.0	-42.25	0.3140000104904175	identified
v1	23	72	60	3	Areia_16VlnsSstndVFMDyn3RR1_73.ncw	16VlnsSstndVFMDyn3RR1	6.0	forward	-4.7	-37.49	0.9559999704360962	identified
v1	23	72	60	3	Areia_16VlnsSstndVSptDyn3RR1_73.ncw	16VlnsSstndVSptDyn3RR1			-20.3	-37.49	0.6119999885559082	identified
v1	23	72	60	3	Areia_16VlnsSstndVDccDyn3RR1_73.ncw	16VlnsSstndVDccDyn3RR1			-20.8	-37.49	0.4779999852180481	identified
v1	23	72	60	3	Areia_16VlnsStcctSptDyn1RR4_73.ncw	16VlnsStcctSptDyn1RR4			7.6	-37.49	0.4009999930858612	identified
native	24	72	100	0	Areia_16VlnsSstndVSptDyn2RR1_73.ncw	16VlnsSstndVSptDyn2RR1	-15.0	forward	-3.7	-42.16	0.7770000100135803	identified
native	24	72	100	0	Areia_16VlnsMrctLngFMpDyn3RR4_73.ncw	16VlnsMrctLngFMpDyn3RR4			-42.4	-42.16	0.39800000190734863	identified
native	24	72	100	0	Areia_16VlnsSstndVSptDyn2RR1_73.ncw	16VlnsSstndVSptDyn2RR1	-15.0	forward	-15.4	-42.16	0.3179999887943268	identified
native	24	72	100	0	Areia_16VlnsMrctShrtFMDyn3RR4_73.ncw	16VlnsMrctShrtFMDyn3RR4			-36.1	-42.16	0.31200000643730164	identified
v1	24	72	100	0	Areia_16VlnsSstndVFMpDyn3RR1_73.ncw	16VlnsSstndVFMpDyn3RR1	19.0	forward	-15.5	-37.7	0.9559999704360962	identified
v1	24	72	100	0	Areia_16VlnsSstndVFMpDyn3RR1_73.ncw	16VlnsSstndVFMpDyn3RR1	19.0	forward	-27.8	-37.7	0.7850000262260437	identified
v1	24	72	100	0	Areia_16VlnsSstndVFMDyn3RR1_73.ncw	16VlnsSstndVFMDyn3RR1			-9.3	-37.7	0.7239999771118164	identified
v1	24	72	100	0	Areia_16VlnsSstndVDccDyn3RR1_73.ncw	16VlnsSstndVDccDyn3RR1			-13.4	-37.7	0.4830000102519989	identified
native	25	72	100	1	Areia_16VlnsSstndVSptDyn2RR1_73.ncw	16VlnsSstndVSptDyn2RR1	15.0	forward	-4.0	-42.32	0.7329999804496765	identified
native	25	72	100	1	Areia_16VlnsSstndVSptDyn2RR1_73.ncw	16VlnsSstndVSptDyn2RR1	15.0	forward	-11.1	-42.32	0.4779999852180481	identified
native	25	72	100	1	Areia_16VlnsMrctLngSptDyn3RR4_73.ncw	16VlnsMrctLngSptDyn3RR4			-33.6	-42.32	0.3779999911785126	identified
native	25	72	100	1	Areia_16VlnsStcctFMDyn3RR2_73.ncw	16VlnsStcctFMDyn3RR2			-18.2	-42.32	0.30799999833106995	identified
v1	25	72	100	1	Areia_16VlnsSstndVFMpDyn3RR1_73.ncw	16VlnsSstndVFMpDyn3RR1	19.0	forward	-15.5	-37.46	0.9570000171661377	identified
v1	25	72	100	1	Areia_16VlnsSstndVFMpDyn3RR1_73.ncw	16VlnsSstndVFMpDyn3RR1	19.0	forward	-27.9	-37.46	0.7789999842643738	identified
v1	25	72	100	1	Areia_16VlnsSstndVFMDyn3RR1_73.ncw	16VlnsSstndVFMDyn3RR1			-9.3	-37.46	0.722000002861023	identified
v1	25	72	100	1	Areia_16VlnsSstndVDccDyn3RR1_73.ncw	16VlnsSstndVDccDyn3RR1			-13.8	-37.46	0.48399999737739563	identified
native	26	72	100	2	Areia_16VlnsSstndVSptDyn2RR1_73.ncw	16VlnsSstndVSptDyn2RR1	15.0	forward	-4.0	-42.33	0.7379999756813049	identified
native	26	72	100	2	Areia_16VlnsSstndVSptDyn2RR1_73.ncw	16VlnsSstndVSptDyn2RR1	15.0	forward	-11.2	-42.33	0.48100000619888306	identified
native	26	72	100	2	Areia_16VlnsMrctLngSptDyn3RR4_73.ncw	16VlnsMrctLngSptDyn3RR4			-33.7	-42.33	0.37599998712539673	identified
native	26	72	100	2	Areia_16VlnsStcctFMDyn3RR2_73.ncw	16VlnsStcctFMDyn3RR2			-18.2	-42.33	0.30799999833106995	identified
v1	26	72	100	2	Areia_16VlnsSstndVFMDyn3RR1_73.ncw	16VlnsSstndVFMDyn3RR1	6.0	forward	-4.6	-37.26	0.9570000171661377	identified
v1	26	72	100	2	Areia_16VlnsSstndVSptDyn3RR1_73.ncw	16VlnsSstndVSptDyn3RR1			-20.5	-37.26	0.6029999852180481	identified
v1	26	72	100	2	Areia_16VlnsSstndVDccDyn3RR1_73.ncw	16VlnsSstndVDccDyn3RR1			-21.0	-37.26	0.4650000035762787	identified
v1	26	72	100	2	Areia_16VlnsStcctSptDyn1RR4_73.ncw	16VlnsStcctSptDyn1RR4			8.3	-37.26	0.42899999022483826	identified
native	27	72	100	3	Areia_16VlnsSstndVSptDyn2RR1_73.ncw	16VlnsSstndVSptDyn2RR1	15.0	forward	-4.0	-41.03	0.7369999885559082	identified
native	27	72	100	3	Areia_16VlnsSstndVSptDyn2RR1_73.ncw	16VlnsSstndVSptDyn2RR1	15.0	forward	-11.1	-41.03	0.47999998927116394	identified
native	27	72	100	3	Areia_16VlnsMrctLngSptDyn3RR4_73.ncw	16VlnsMrctLngSptDyn3RR4			-33.7	-41.03	0.37700000405311584	identified
native	27	72	100	3	Areia_16VlnsSpcctFstDccDyn1RR8_73.ncw	16VlnsSpcctFstDccDyn1RR8			-7.1	-41.03	0.328000009059906	identified
v1	27	72	100	3	Areia_16VlnsSstndVFMDyn3RR1_73.ncw	16VlnsSstndVFMDyn3RR1	6.0	forward	-4.8	-37.3	0.9559999704360962	identified
v1	27	72	100	3	Areia_16VlnsSstndVSptDyn3RR1_73.ncw	16VlnsSstndVSptDyn3RR1			-20.3	-37.3	0.6230000257492065	identified
v1	27	72	100	3	Areia_16VlnsSstndVDccDyn3RR1_73.ncw	16VlnsSstndVDccDyn3RR1			-21.6	-37.3	0.4490000009536743	identified
v1	27	72	100	3	Areia_16VlnsStcctSptDyn1RR4_73.ncw	16VlnsStcctSptDyn1RR4			8.0	-37.3	0.41499999165534973	identified
native	28	72	127	0	Areia_16VlnsSstndVSptDyn2RR1_73.ncw	16VlnsSstndVSptDyn2RR1	-11.0	forward	-3.7	-41.22	0.7730000019073486	identified
native	28	72	127	0	Areia_16VlnsMrctLngFMpDyn3RR4_73.ncw	16VlnsMrctLngFMpDyn3RR4			-42.3	-41.22	0.39899998903274536	identified
native	28	72	127	0	Areia_16VlnsSpcctFstDccDyn1RR8_73.ncw	16VlnsSpcctFstDccDyn1RR8			-7.1	-41.22	0.328000009059906	identified
native	28	72	127	0	Areia_16VlnsSstndVSptDyn2RR1_73.ncw	16VlnsSstndVSptDyn2RR1	-11.0	forward	-15.4	-41.22	0.3140000104904175	identified
v1	28	72	127	0	Areia_16VlnsSstndVFMDyn3RR1_73.ncw	16VlnsSstndVFMDyn3RR1	6.0	forward	-4.7	-37.51	0.9549999833106995	identified
v1	28	72	127	0	Areia_16VlnsSstndVSptDyn3RR1_73.ncw	16VlnsSstndVSptDyn3RR1			-20.3	-37.51	0.6190000176429749	identified
v1	28	72	127	0	Areia_16VlnsSstndVDccDyn3RR1_73.ncw	16VlnsSstndVDccDyn3RR1			-21.0	-37.51	0.4699999988079071	identified
v1	28	72	127	0	Areia_16VlnsStcctSptDyn1RR4_73.ncw	16VlnsStcctSptDyn1RR4			2.5	-37.51	0.414000004529953	identified
native	29	72	127	1	Areia_16VlnsSstndVSptDyn2RR1_73.ncw	16VlnsSstndVSptDyn2RR1	0.0	forward	-4.0	-41.15	0.7369999885559082	identified
native	29	72	127	1	Areia_16VlnsSstndVSptDyn2RR1_73.ncw	16VlnsSstndVSptDyn2RR1	0.0	forward	-11.2	-41.15	0.4740000069141388	identified
native	29	72	127	1	Areia_16VlnsMrctLngSptDyn3RR4_73.ncw	16VlnsMrctLngSptDyn3RR4			-33.6	-41.15	0.37700000405311584	identified
native	29	72	127	1	Areia_16VlnsTrmlFrDyn3RR1_73.ncw	16VlnsTrmlFrDyn3RR1			9.1	-41.15	0.3310000002384186	identified
v1	29	72	127	1	Areia_16VlnsSstndVFMpDyn3RR1_73.ncw	16VlnsSstndVFMpDyn3RR1	19.0	forward	-15.4	-37.53	0.9580000042915344	identified
v1	29	72	127	1	Areia_16VlnsSstndVFMpDyn3RR1_73.ncw	16VlnsSstndVFMpDyn3RR1	19.0	forward	-28.1	-37.53	0.7739999890327454	identified
v1	29	72	127	1	Areia_16VlnsSstndVFMDyn3RR1_73.ncw	16VlnsSstndVFMDyn3RR1			-9.4	-37.53	0.7170000076293945	identified
v1	29	72	127	1	Areia_16VlnsSstndVDccDyn3RR1_73.ncw	16VlnsSstndVDccDyn3RR1			-14.0	-37.53	0.48500001430511475	identified
native	30	72	127	2	Areia_16VlnsSstndVSptDyn2RR1_73.ncw	16VlnsSstndVSptDyn2RR1	15.0	forward	-3.7	-41.2	0.7739999890327454	identified
native	30	72	127	2	Areia_16VlnsMrctLngFMpDyn3RR4_73.ncw	16VlnsMrctLngFMpDyn3RR4			-42.4	-41.2	0.39800000190734863	identified
native	30	72	127	2	Areia_16VlnsSpcctFstDccDyn1RR8_73.ncw	16VlnsSpcctFstDccDyn1RR8			-7.1	-41.2	0.328000009059906	identified
native	30	72	127	2	Areia_16VlnsSstndVSptDyn2RR1_73.ncw	16VlnsSstndVSptDyn2RR1	15.0	forward	-15.4	-41.2	0.3149999976158142	identified
v1	30	72	127	2	Areia_16VlnsSstndVFMpDyn3RR1_73.ncw	16VlnsSstndVFMpDyn3RR1	19.0	forward	-15.5	-37.34	0.9559999704360962	identified
v1	30	72	127	2	Areia_16VlnsSstndVFMpDyn3RR1_73.ncw	16VlnsSstndVFMpDyn3RR1	19.0	forward	-27.9	-37.34	0.7770000100135803	identified
v1	30	72	127	2	Areia_16VlnsSstndVFMDyn3RR1_73.ncw	16VlnsSstndVFMDyn3RR1			-9.3	-37.34	0.7250000238418579	identified
v1	30	72	127	2	Areia_16VlnsSstndVDccDyn3RR1_73.ncw	16VlnsSstndVDccDyn3RR1			-13.8	-37.34	0.48899999260902405	identified
native	31	72	127	3	Areia_16VlnsSstndVSptDyn2RR1_73.ncw	16VlnsSstndVSptDyn2RR1	-19.0	forward	-3.7	-41.18	0.7730000019073486	identified
native	31	72	127	3	Areia_16VlnsMrctLngFMpDyn3RR4_73.ncw	16VlnsMrctLngFMpDyn3RR4			-42.4	-41.18	0.39800000190734863	identified
native	31	72	127	3	Areia_16VlnsSpcctFstDccDyn1RR8_73.ncw	16VlnsSpcctFstDccDyn1RR8			-7.1	-41.18	0.328000009059906	identified
native	31	72	127	3	Areia_16VlnsTrmlFrDyn3RR1_73.ncw	16VlnsTrmlFrDyn3RR1			8.6	-41.18	0.3240000009536743	identified
v1	31	72	127	3	Areia_16VlnsSstndVFMpDyn3RR1_73.ncw	16VlnsSstndVFMpDyn3RR1	19.0	forward	-15.4	-37.7	0.9539999961853027	identified
v1	31	72	127	3	Areia_16VlnsSstndVFMpDyn3RR1_73.ncw	16VlnsSstndVFMpDyn3RR1	19.0	forward	-27.6	-37.7	0.7799999713897705	identified
v1	31	72	127	3	Areia_16VlnsSstndVFMDyn3RR1_73.ncw	16VlnsSstndVFMDyn3RR1			-9.4	-37.7	0.718999981880188	identified
v1	31	72	127	3	Areia_16VlnsSstndVDccDyn3RR1_73.ncw	16VlnsSstndVDccDyn3RR1			-13.8	-37.7	0.492000013589859	identified
native	32	84	20	0	Areia_16VlnsTrmlSptDyn3RR1_85.ncw	16VlnsTrmlSptDyn3RR1	121.0	forward	-10.4	-39.83	0.574999988079071	identified
native	32	84	20	0	Areia_16VlnsTrmlSptDyn3RR1_85.ncw	16VlnsTrmlSptDyn3RR1	121.0	forward	-31.6	-39.83	0.5249999761581421	identified
native	32	84	20	0	Areia_16VlnsTrmlFMpDyn3RR1_85.ncw	16VlnsTrmlFMpDyn3RR1			-31.7	-39.83	0.5230000019073486	identified
native	32	84	20	0	Areia_16VlnsTrmlSptDyn3RR1_85.ncw	16VlnsTrmlSptDyn3RR1	121.0	forward	-16.9	-39.83	0.5049999952316284	identified
v1	32	84	20	0	Areia_16VlnsSstndVFMDyn3RR1_85.ncw	16VlnsSstndVFMDyn3RR1	15.0	forward	-5.0	-34.23	0.9750000238418579	identified
v1	32	84	20	0	Areia_16VlnsStcctSptDyn1RR4_85.ncw	16VlnsStcctSptDyn1RR4			-4.4	-34.23	0.5180000066757202	identified
v1	32	84	20	0	Areia_16VlnsPrttFMDyn2RR1_85.ncw	16VlnsPrttFMDyn2RR1			3.0	-34.23	0.5	identified
v1	32	84	20	0	Areia_16VlnsTrllHTFMpDyn3RR1_85.ncw	16VlnsTrllHTFMpDyn3RR1			-24.8	-34.23	0.4869999885559082	identified
native	33	84	20	1	Areia_16VlnsTrmlSptDyn3RR1_85.ncw	16VlnsTrmlSptDyn3RR1	123.0	forward	-10.4	-39.85	0.5759999752044678	identified
native	33	84	20	1	Areia_16VlnsTrmlSptDyn3RR1_85.ncw	16VlnsTrmlSptDyn3RR1	123.0	forward	-31.6	-39.85	0.5239999890327454	identified
native	33	84	20	1	Areia_16VlnsTrmlFMpDyn3RR1_85.ncw	16VlnsTrmlFMpDyn3RR1			-31.7	-39.85	0.5230000019073486	identified
native	33	84	20	1	Areia_16VlnsTrmlSptDyn3RR1_85.ncw	16VlnsTrmlSptDyn3RR1	123.0	forward	-16.9	-39.85	0.5040000081062317	identified
v1	33	84	20	1	Areia_16VlnsSstndVFMDyn3RR1_85.ncw	16VlnsSstndVFMDyn3RR1	15.0	forward	-5.1	-33.82	0.9710000157356262	identified
v1	33	84	20	1	Areia_16VlnsStcctSptDyn1RR4_85.ncw	16VlnsStcctSptDyn1RR4			-4.4	-33.82	0.5120000243186951	identified
v1	33	84	20	1	Areia_16VlnsPrttFMDyn2RR1_85.ncw	16VlnsPrttFMDyn2RR1			3.6	-33.82	0.5220000147819519	identified
v1	33	84	20	1	Areia_16VlnsPzzctWdDyn3RR1_85.ncw	16VlnsPzzctWdDyn3RR1			4.0	-33.82	0.45899999141693115	identified
native	34	84	20	2	Areia_16VlnsTrmlSptDyn3RR1_85.ncw	16VlnsTrmlSptDyn3RR1	121.0	forward	-10.4	-39.59	0.574999988079071	identified
native	34	84	20	2	Areia_16VlnsTrmlSptDyn3RR1_85.ncw	16VlnsTrmlSptDyn3RR1	121.0	forward	-31.5	-39.59	0.5270000100135803	identified
native	34	84	20	2	Areia_16VlnsTrmlFMpDyn3RR1_85.ncw	16VlnsTrmlFMpDyn3RR1			-31.7	-39.59	0.5230000019073486	identified
native	34	84	20	2	Areia_16VlnsTrmlSptDyn3RR1_85.ncw	16VlnsTrmlSptDyn3RR1	121.0	forward	-16.9	-39.59	0.5049999952316284	identified
v1	34	84	20	2	Areia_16VlnsSstndVFMDyn3RR1_85.ncw	16VlnsSstndVFMDyn3RR1	15.0	forward	-4.8	-34.28	0.9779999852180481	identified
v1	34	84	20	2	Areia_16VlnsPzzctWdDyn3RR1_85.ncw	16VlnsPzzctWdDyn3RR1			5.2	-34.28	0.5059999823570251	identified
v1	34	84	20	2	Areia_16VlnsStcctDccDyn3RR4_85.ncw	16VlnsStcctDccDyn3RR4			-16.6	-34.28	0.49399998784065247	identified
v1	34	84	20	2	Areia_16VlnsPrttFrDyn2RR1_85.ncw	16VlnsPrttFrDyn2RR1			17.5	-34.28	0.46399998664855957	identified
native	35	84	20	3	Areia_16VlnsTrmlSptDyn3RR1_85.ncw	16VlnsTrmlSptDyn3RR1	261.0	forward	-9.7	-39.83	0.6119999885559082	identified
native	35	84	20	3	Areia_16VlnsTrmlSptDyn3RR1_85.ncw	16VlnsTrmlSptDyn3RR1	261.0	forward	-30.6	-39.83	0.5490000247955322	identified
native	35	84	20	3	Areia_16VlnsTrmlSptDyn3RR1_85.ncw	16VlnsTrmlSptDyn3RR1	261.0	forward	-21.9	-39.83	0.546999990940094	identified
native	35	84	20	3	Areia_16VlnsTrmlSptDyn3RR1_85.ncw	16VlnsTrmlSptDyn3RR1	261.0	forward	-16.4	-39.83	0.5260000228881836	identified
v1	35	84	20	3	Areia_16VlnsSstndVFMDyn3RR1_85.ncw	16VlnsSstndVFMDyn3RR1	15.0	forward	-4.8	-34.3	0.9750000238418579	identified
v1	35	84	20	3	Areia_16VlnsTrllHTFMDyn3RR1_85.ncw	16VlnsTrllHTFMDyn3RR1			2.1	-34.3	0.5260000228881836	identified
v1	35	84	20	3	Areia_16VlnsStcctSptDyn1RR4_85.ncw	16VlnsStcctSptDyn1RR4			-4.7	-34.3	0.5070000290870667	identified
v1	35	84	20	3	Areia_16VlnsPrttFMDyn2RR1_85.ncw	16VlnsPrttFMDyn2RR1			2.7	-34.3	0.49399998784065247	identified
native	36	84	60	0	Areia_16VlnsTrmlSptDyn3RR1_85.ncw	16VlnsTrmlSptDyn3RR1	261.0	forward	-9.7	-39.83	0.6110000014305115	identified
native	36	84	60	0	Areia_16VlnsTrmlSptDyn3RR1_85.ncw	16VlnsTrmlSptDyn3RR1	261.0	forward	-30.5	-39.83	0.5509999990463257	identified
native	36	84	60	0	Areia_16VlnsTrmlSptDyn3RR1_85.ncw	16VlnsTrmlSptDyn3RR1	261.0	forward	-21.9	-39.83	0.5479999780654907	identified
native	36	84	60	0	Areia_16VlnsTrmlSptDyn3RR1_85.ncw	16VlnsTrmlSptDyn3RR1	261.0	forward	-16.4	-39.83	0.5260000228881836	identified
v1	36	84	60	0	Areia_16VlnsSstndVFMDyn3RR1_85.ncw	16VlnsSstndVFMDyn3RR1	15.0	forward	-5.0	-34.05	0.9739999771118164	identified
v1	36	84	60	0	Areia_16VlnsStcctSptDyn1RR4_85.ncw	16VlnsStcctSptDyn1RR4			-4.4	-34.05	0.5149999856948853	identified
v1	36	84	60	0	Areia_16VlnsPrttFMDyn2RR1_85.ncw	16VlnsPrttFMDyn2RR1			3.2	-34.05	0.5070000290870667	identified
v1	36	84	60	0	Areia_16VlnsPrttWdDyn2RR2_85.ncw	16VlnsPrttWdDyn2RR2			3.4	-34.05	0.453000009059906	identified
native	37	84	60	1	Areia_16VlnsTrmlSptDyn3RR1_85.ncw	16VlnsTrmlSptDyn3RR1	194.0	forward	-9.7	-39.82	0.6110000014305115	identified
native	37	84	60	1	Areia_16VlnsTrmlSptDyn3RR1_85.ncw	16VlnsTrmlSptDyn3RR1	194.0	forward	-30.6	-39.82	0.546999990940094	identified
native	37	84	60	1	Areia_16VlnsTrmlSptDyn3RR1_85.ncw	16VlnsTrmlSptDyn3RR1	194.0	forward	-21.9	-39.82	0.5479999780654907	identified
native	37	84	60	1	Areia_16VlnsTrmlSptDyn3RR1_85.ncw	16VlnsTrmlSptDyn3RR1	194.0	forward	-16.4	-39.82	0.5270000100135803	identified
v1	37	84	60	1	Areia_16VlnsSstndVFMDyn3RR1_85.ncw	16VlnsSstndVFMDyn3RR1	15.0	forward	-5.0	-34.25	0.9739999771118164	identified
v1	37	84	60	1	Areia_16VlnsStcctSptDyn1RR4_85.ncw	16VlnsStcctSptDyn1RR4			-4.3	-34.25	0.5239999890327454	identified
v1	37	84	60	1	Areia_16VlnsPrttFMpDyn2RR1_85.ncw	16VlnsPrttFMpDyn2RR1			-7.7	-34.25	0.5009999871253967	identified
v1	37	84	60	1	Areia_16VlnsTrllHTFrDyn3RR1_85.ncw	16VlnsTrllHTFrDyn3RR1			22.7	-34.25	0.45500001311302185	identified
native	38	84	60	2	Areia_16VlnsTrmlSptDyn3RR1_85.ncw	16VlnsTrmlSptDyn3RR1	257.0	forward	-9.7	-39.81	0.6119999885559082	identified
native	38	84	60	2	Areia_16VlnsTrmlSptDyn3RR1_85.ncw	16VlnsTrmlSptDyn3RR1	257.0	forward	-30.6	-39.81	0.5479999780654907	identified
native	38	84	60	2	Areia_16VlnsTrmlSptDyn3RR1_85.ncw	16VlnsTrmlSptDyn3RR1	257.0	forward	-21.9	-39.81	0.5479999780654907	identified
native	38	84	60	2	Areia_16VlnsTrmlSptDyn3RR1_85.ncw	16VlnsTrmlSptDyn3RR1	257.0	forward	-16.4	-39.81	0.5270000100135803	identified
v1	38	84	60	2	Areia_16VlnsSstndVFMDyn3RR1_85.ncw	16VlnsSstndVFMDyn3RR1	15.0	forward	-5.2	-34.54	0.972000002861023	identified
v1	38	84	60	2	Areia_16VlnsStcctSptDyn1RR4_85.ncw	16VlnsStcctSptDyn1RR4			-4.2	-34.54	0.5289999842643738	identified
v1	38	84	60	2	Areia_16VlnsPrttFMDyn2RR1_85.ncw	16VlnsPrttFMDyn2RR1			2.4	-34.54	0.48899999260902405	identified
v1	38	84	60	2	Areia_16VlnsTrmlWdDyn3RR1_85.ncw	16VlnsTrmlWdDyn3RR1			-6.3	-34.54	0.45100000500679016	identified
native	39	84	60	3	Areia_16VlnsTrmlSptDyn3RR1_85.ncw	16VlnsTrmlSptDyn3RR1	91.0	forward	-10.4	-39.81	0.574999988079071	identified
native	39	84	60	3	Areia_16VlnsTrmlSptDyn3RR1_85.ncw	16VlnsTrmlSptDyn3RR1	91.0	forward	-31.6	-39.81	0.5239999890327454	identified
native	39	84	60	3	Areia_16VlnsTrmlFMpDyn3RR1_85.ncw	16VlnsTrmlFMpDyn3RR1			-31.7	-39.81	0.5230000019073486	identified
native	39	84	60	3	Areia_16VlnsTrmlSptDyn3RR1_85.ncw	16VlnsTrmlSptDyn3RR1	91.0	forward	-16.9	-39.81	0.5049999952316284	identified
v1	39	84	60	3	Areia_16VlnsSstndVFMDyn3RR1_85.ncw	16VlnsSstndVFMDyn3RR1	15.0	forward	-4.9	-34.21	0.9779999852180481	identified
v1	39	84	60	3	Areia_16VlnsStcctDccDyn3RR4_85.ncw	16VlnsStcctDccDyn3RR4			-15.8	-34.21	0.5180000066757202	identified
v1	39	84	60	3	Areia_16VlnsPzzctWdDyn3RR1_85.ncw	16VlnsPzzctWdDyn3RR1			5.8	-34.21	0.48399999737739563	identified
v1	39	84	60	3	Areia_16VlnsPrttFMDyn2RR1_85.ncw	16VlnsPrttFMDyn2RR1			4.5	-34.21	0.47200000286102295	identified
native	40	84	100	0	Areia_16VlnsTrmlSptDyn3RR1_85.ncw	16VlnsTrmlSptDyn3RR1	257.0	forward	-9.7	-39.82	0.6110000014305115	identified
native	40	84	100	0	Areia_16VlnsTrmlSptDyn3RR1_85.ncw	16VlnsTrmlSptDyn3RR1	257.0	forward	-30.6	-39.82	0.5490000247955322	identified
native	40	84	100	0	Areia_16VlnsTrmlSptDyn3RR1_85.ncw	16VlnsTrmlSptDyn3RR1	257.0	forward	-21.9	-39.82	0.5479999780654907	identified
native	40	84	100	0	Areia_16VlnsTrmlSptDyn3RR1_85.ncw	16VlnsTrmlSptDyn3RR1	257.0	forward	-16.4	-39.82	0.5260000228881836	identified
v1	40	84	100	0	Areia_16VlnsSstndVFMDyn3RR1_85.ncw	16VlnsSstndVFMDyn3RR1	15.0	forward	-4.8	-33.73	0.9760000109672546	identified
v1	40	84	100	0	Areia_16VlnsTrllHTFMDyn3RR1_85.ncw	16VlnsTrllHTFMDyn3RR1			2.1	-33.73	0.5350000262260437	identified
v1	40	84	100	0	Areia_16VlnsStcctDccDyn3RR4_85.ncw	16VlnsStcctDccDyn3RR4			-15.5	-33.73	0.5099999904632568	identified
v1	40	84	100	0	Areia_16VlnsPrttDccDyn2RR1_85.ncw	16VlnsPrttDccDyn2RR1			9.4	-33.73	0.4819999933242798	identified
native	41	84	100	1	Areia_16VlnsTrmlSptDyn3RR1_85.ncw	16VlnsTrmlSptDyn3RR1	109.0	forward	-10.4	-39.33	0.574999988079071	identified
native	41	84	100	1	Areia_16VlnsTrmlSptDyn3RR1_85.ncw	16VlnsTrmlSptDyn3RR1	109.0	forward	-31.6	-39.33	0.5270000100135803	identified
native	41	84	100	1	Areia_16VlnsTrmlFMpDyn3RR1_85.ncw	16VlnsTrmlFMpDyn3RR1			-31.7	-39.33	0.5230000019073486	identified
native	41	84	100	1	Areia_16VlnsTrmlSptDyn3RR1_85.ncw	16VlnsTrmlSptDyn3RR1	109.0	forward	-16.9	-39.33	0.5049999952316284	identified
v1	41	84	100	1	Areia_16VlnsSstndVFMDyn3RR1_85.ncw	16VlnsSstndVFMDyn3RR1	15.0	forward	-5.1	-33.88	0.9729999899864197	identified
v1	41	84	100	1	Areia_16VlnsStcctSptDyn1RR4_85.ncw	16VlnsStcctSptDyn1RR4			-4.4	-33.88	0.5210000276565552	identified
v1	41	84	100	1	Areia_16VlnsPrttFMDyn2RR1_85.ncw	16VlnsPrttFMDyn2RR1			3.8	-33.88	0.5230000019073486	identified
v1	41	84	100	1	Areia_16VlnsStcctSptDyn1RR4_85.ncw	16VlnsStcctSptDyn1RR4			-0.8	-33.88	0.4650000035762787	identified
native	42	84	100	2	Areia_16VlnsTrmlSptDyn3RR1_85.ncw	16VlnsTrmlSptDyn3RR1	123.0	forward	-10.4	-39.76	0.5740000009536743	identified
native	42	84	100	2	Areia_16VlnsTrmlSptDyn3RR1_85.ncw	16VlnsTrmlSptDyn3RR1	123.0	forward	-31.6	-39.76	0.5230000019073486	identified
native	42	84	100	2	Areia_16VlnsTrmlFMpDyn3RR1_85.ncw	16VlnsTrmlFMpDyn3RR1			-31.8	-39.76	0.5230000019073486	identified
native	42	84	100	2	Areia_16VlnsTrmlSptDyn3RR1_85.ncw	16VlnsTrmlSptDyn3RR1	123.0	forward	-16.9	-39.76	0.5059999823570251	identified
v1	42	84	100	2	Areia_16VlnsSstndVFMDyn3RR1_85.ncw	16VlnsSstndVFMDyn3RR1	15.0	forward	-5.0	-34.26	0.9760000109672546	identified
v1	42	84	100	2	Areia_16VlnsStcctSptDyn1RR4_85.ncw	16VlnsStcctSptDyn1RR4			-4.4	-34.26	0.5170000195503235	identified
v1	42	84	100	2	Areia_16VlnsPrttFMDyn2RR1_85.ncw	16VlnsPrttFMDyn2RR1			3.0	-34.26	0.5040000081062317	identified
v1	42	84	100	2	Areia_16VlnsTrllHTFMpDyn3RR1_85.ncw	16VlnsTrllHTFMpDyn3RR1			-24.8	-34.26	0.4490000009536743	identified
native	43	84	100	3	Areia_16VlnsTrmlSptDyn3RR1_85.ncw	16VlnsTrmlSptDyn3RR1	100.0	forward	-10.4	-39.78	0.5740000009536743	identified
native	43	84	100	3	Areia_16VlnsTrmlSptDyn3RR1_85.ncw	16VlnsTrmlSptDyn3RR1	100.0	forward	-31.6	-39.78	0.5249999761581421	identified
native	43	84	100	3	Areia_16VlnsTrmlFMpDyn3RR1_85.ncw	16VlnsTrmlFMpDyn3RR1			-31.7	-39.78	0.5230000019073486	identified
native	43	84	100	3	Areia_16VlnsTrmlSptDyn3RR1_85.ncw	16VlnsTrmlSptDyn3RR1	100.0	forward	-16.9	-39.78	0.5059999823570251	identified
v1	43	84	100	3	Areia_16VlnsSstndVFMDyn3RR1_85.ncw	16VlnsSstndVFMDyn3RR1	15.0	forward	-5.1	-33.84	0.9710000157356262	identified
v1	43	84	100	3	Areia_16VlnsStcctSptDyn1RR4_85.ncw	16VlnsStcctSptDyn1RR4			-4.4	-33.84	0.5149999856948853	identified
v1	43	84	100	3	Areia_16VlnsPrttFMDyn2RR1_85.ncw	16VlnsPrttFMDyn2RR1			3.5	-33.84	0.5199999809265137	identified
v1	43	84	100	3	Areia_16VlnsSpcctSlwWdDyn2RR3_85.ncw	16VlnsSpcctSlwWdDyn2RR3			-3.3	-33.84	0.46399998664855957	identified
native	44	84	127	0	Areia_16VlnsTrmlSptDyn3RR1_85.ncw	16VlnsTrmlSptDyn3RR1	121.0	forward	-10.4	-39.83	0.574999988079071	identified
native	44	84	127	0	Areia_16VlnsTrmlSptDyn3RR1_85.ncw	16VlnsTrmlSptDyn3RR1	121.0	forward	-31.6	-39.83	0.5230000019073486	identified
native	44	84	127	0	Areia_16VlnsTrmlFMpDyn3RR1_85.ncw	16VlnsTrmlFMpDyn3RR1			-31.7	-39.83	0.5239999890327454	identified
native	44	84	127	0	Areia_16VlnsTrmlSptDyn3RR1_85.ncw	16VlnsTrmlSptDyn3RR1	121.0	forward	-16.9	-39.83	0.5049999952316284	identified
v1	44	84	127	0	Areia_16VlnsSstndVFMDyn3RR1_85.ncw	16VlnsSstndVFMDyn3RR1	15.0	forward	-4.9	-34.25	0.9779999852180481	identified
v1	44	84	127	0	Areia_16VlnsPzzctWdDyn3RR1_85.ncw	16VlnsPzzctWdDyn3RR1			5.2	-34.25	0.5040000081062317	identified
v1	44	84	127	0	Areia_16VlnsStcctDccDyn3RR4_85.ncw	16VlnsStcctDccDyn3RR4			-16.4	-34.25	0.5009999871253967	identified
v1	44	84	127	0	Areia_16VlnsPrttFrDyn2RR1_85.ncw	16VlnsPrttFrDyn2RR1			17.5	-34.25	0.460999995470047	identified
native	45	84	127	1	Areia_16VlnsTrmlSptDyn3RR1_85.ncw	16VlnsTrmlSptDyn3RR1	117.0	forward	-10.4	-39.77	0.5740000009536743	identified
native	45	84	127	1	Areia_16VlnsTrmlSptDyn3RR1_85.ncw	16VlnsTrmlSptDyn3RR1	117.0	forward	-31.6	-39.77	0.5230000019073486	identified
native	45	84	127	1	Areia_16VlnsTrmlFMpDyn3RR1_85.ncw	16VlnsTrmlFMpDyn3RR1			-31.8	-39.77	0.5230000019073486	identified
native	45	84	127	1	Areia_16VlnsTrmlSptDyn3RR1_85.ncw	16VlnsTrmlSptDyn3RR1	117.0	forward	-16.9	-39.77	0.5059999823570251	identified
v1	45	84	127	1	Areia_16VlnsSstndVFMDyn3RR1_85.ncw	16VlnsSstndVFMDyn3RR1	15.0	forward	-4.7	-34.31	0.9750000238418579	identified
v1	45	84	127	1	Areia_16VlnsTrllHTFMDyn3RR1_85.ncw	16VlnsTrllHTFMDyn3RR1			2.2	-34.31	0.527999997138977	identified
v1	45	84	127	1	Areia_16VlnsStcctSptDyn1RR4_85.ncw	16VlnsStcctSptDyn1RR4			-4.8	-34.31	0.5070000290870667	identified
v1	45	84	127	1	Areia_16VlnsPrttFMDyn2RR1_85.ncw	16VlnsPrttFMDyn2RR1			2.7	-34.31	0.49399998784065247	identified
native	46	84	127	2	Areia_16VlnsTrmlSptDyn3RR1_85.ncw	16VlnsTrmlSptDyn3RR1	189.0	forward	-9.7	-39.8	0.6119999885559082	identified
native	46	84	127	2	Areia_16VlnsTrmlSptDyn3RR1_85.ncw	16VlnsTrmlSptDyn3RR1	189.0	forward	-30.6	-39.8	0.5479999780654907	identified
native	46	84	127	2	Areia_16VlnsTrmlSptDyn3RR1_85.ncw	16VlnsTrmlSptDyn3RR1	189.0	forward	-21.9	-39.8	0.546999990940094	identified
native	46	84	127	2	Areia_16VlnsTrmlSptDyn3RR1_85.ncw	16VlnsTrmlSptDyn3RR1	189.0	forward	-16.4	-39.8	0.5270000100135803	identified
v1	46	84	127	2	Areia_16VlnsSstndVFMDyn3RR1_85.ncw	16VlnsSstndVFMDyn3RR1	15.0	forward	-5.0	-34.02	0.9750000238418579	identified
v1	46	84	127	2	Areia_16VlnsStcctSptDyn1RR4_85.ncw	16VlnsStcctSptDyn1RR4			-4.4	-34.02	0.5139999985694885	identified
v1	46	84	127	2	Areia_16VlnsPrttFMDyn2RR1_85.ncw	16VlnsPrttFMDyn2RR1			3.2	-34.02	0.5049999952316284	identified
v1	46	84	127	2	Areia_16VlnsPrttWdDyn2RR2_85.ncw	16VlnsPrttWdDyn2RR2			3.4	-34.02	0.4519999921321869	identified
native	47	84	127	3	Areia_16VlnsTrmlSptDyn3RR1_85.ncw	16VlnsTrmlSptDyn3RR1	106.0	forward	-10.4	-39.86	0.5759999752044678	identified
native	47	84	127	3	Areia_16VlnsTrmlSptDyn3RR1_85.ncw	16VlnsTrmlSptDyn3RR1	106.0	forward	-31.6	-39.86	0.5249999761581421	identified
native	47	84	127	3	Areia_16VlnsTrmlFMpDyn3RR1_85.ncw	16VlnsTrmlFMpDyn3RR1			-31.7	-39.86	0.5239999890327454	identified
native	47	84	127	3	Areia_16VlnsTrmlSptDyn3RR1_85.ncw	16VlnsTrmlSptDyn3RR1	106.0	forward	-16.9	-39.86	0.5049999952316284	identified
v1	47	84	127	3	Areia_16VlnsSstndVFMDyn3RR1_85.ncw	16VlnsSstndVFMDyn3RR1	15.0	forward	-5.0	-34.22	0.9739999771118164	identified
v1	47	84	127	3	Areia_16VlnsStcctSptDyn1RR4_85.ncw	16VlnsStcctSptDyn1RR4			-4.3	-34.22	0.5239999890327454	identified
v1	47	84	127	3	Areia_16VlnsPrttFMpDyn2RR1_85.ncw	16VlnsPrttFMpDyn2RR1			-7.7	-34.22	0.49799999594688416	identified
v1	47	84	127	3	Areia_16VlnsTrllHTFrDyn3RR1_85.ncw	16VlnsTrllHTFrDyn3RR1			22.8	-34.22	0.4569999873638153	identified
