note	key	velocity	engine	family	rr	native_family	family_agrees
0	60	20	after	Areia_16VlnsSstndVFMDyn3	1	Areia_16VlnsSstndVFMpDyn2	0
0	60	20	native	Areia_16VlnsSstndVFMpDyn2	1	Areia_16VlnsSstndVFMpDyn2	1
1	60	20	after	Areia_16VlnsSstndVFMDyn3	1	Areia_16VlnsSstndVFMDyn2	0
1	60	20	native	Areia_16VlnsSstndVFMDyn2	1	Areia_16VlnsSstndVFMDyn2	1
2	60	20	after	Areia_16VlnsSstndVFMDyn3	1	Areia_16VlnsSstndVFMpDyn2	0
2	60	20	native	Areia_16VlnsSstndVFMpDyn2	1	Areia_16VlnsSstndVFMpDyn2	1
3	60	20	after	Areia_16VlnsSstndVFMDyn3	1	Areia_16VlnsSstndVFMDyn2	0
3	60	20	native	Areia_16VlnsSstndVFMDyn2	1	Areia_16VlnsSstndVFMDyn2	1
4	60	60	after	Areia_16VlnsSstndVFMDyn3	1	Areia_16VlnsSstndVFMDyn2	0
4	60	60	native	Areia_16VlnsSstndVFMDyn2	1	Areia_16VlnsSstndVFMDyn2	1
5	60	60	after	Areia_16VlnsSstndVFMDyn3	1	Areia_16VlnsSstndVFMDyn2	0
5	60	60	native	Areia_16VlnsSstndVFMDyn2	1	Areia_16VlnsSstndVFMDyn2	1
6	60	60	after	Areia_16VlnsSstndVFMDyn3	1	Areia_16VlnsSstndVFMpDyn2	0
6	60	60	native	Areia_16VlnsSstndVFMpDyn2	1	Areia_16VlnsSstndVFMpDyn2	1
7	60	60	after	Areia_16VlnsSstndVFMDyn3	1	Areia_16VlnsSstndVFMpDyn2	0
7	60	60	native	Areia_16VlnsSstndVFMpDyn2	1	Areia_16VlnsSstndVFMpDyn2	1
8	60	100	after	Areia_16VlnsSstndVFMDyn3	1	Areia_16VlnsSstndVFMpDyn2	0
8	60	100	native	Areia_16VlnsSstndVFMpDyn2	1	Areia_16VlnsSstndVFMpDyn2	1
9	60	100	after	Areia_16VlnsSstndVFMDyn3	1	Areia_16VlnsSstndVFMpDyn2	0
9	60	100	native	Areia_16VlnsSstndVFMpDyn2	1	Areia_16VlnsSstndVFMpDyn2	1
10	60	100	after	Areia_16VlnsSstndVFMDyn3	1	Areia_16VlnsSstndVFMDyn2	0
10	60	100	native	Areia_16VlnsSstndVFMDyn2	1	Areia_16VlnsSstndVFMDyn2	1
11	60	100	after	Areia_16VlnsSstndVFMDyn3	1	Areia_16VlnsSstndVFMDyn2	0
11	60	100	native	Areia_16VlnsSstndVFMDyn2	1	Areia_16VlnsSstndVFMDyn2	1
12	60	127	after	Areia_16VlnsSstndVFMDyn3	1	Areia_16VlnsSstndVFMpDyn2	0
12	60	127	native	Areia_16VlnsSstndVFMpDyn2	1	Areia_16VlnsSstndVFMpDyn2	1
13	60	127	after	Areia_16VlnsSstndVFMDyn3	1	Areia_16VlnsSstndVFMDyn2	0
13	60	127	native	Areia_16VlnsSstndVFMDyn2	1	Areia_16VlnsSstndVFMDyn2	1
14	60	127	after	Areia_16VlnsSstndVFMDyn3	1	Areia_16VlnsSstndVFMpDyn2	0
14	60	127	native	Areia_16VlnsSstndVFMpDyn2	1	Areia_16VlnsSstndVFMpDyn2	1
15	60	127	after	Areia_16VlnsSstndVFMDyn3	1	Areia_16VlnsSstndVFMDyn2	0
15	60	127	native	Areia_16VlnsSstndVFMDyn2	1	Areia_16VlnsSstndVFMDyn2	1
16	72	20	after	Areia_16VlnsSstndVFMDyn3	1	Areia_16VlnsSstndVSptDyn2	0
16	72	20	native	Areia_16VlnsSstndVSptDyn2	1	Areia_16VlnsSstndVSptDyn2	1
17	72	20	after	Areia_16VlnsSstndVFMpDyn3	1	Areia_16VlnsSstndVSptDyn2	0
17	72	20	native	Areia_16VlnsSstndVSptDyn2	1	Areia_16VlnsSstndVSptDyn2	1
18	72	20	after	Areia_16VlnsSstndVFMDyn3	1	Areia_16VlnsSstndVSptDyn2	0
18	72	20	native	Areia_16VlnsSstndVSptDyn2	1	Areia_16VlnsSstndVSptDyn2	1
19	72	20	after	Areia_16VlnsSstndVFMDyn3	1	Areia_16VlnsSstndVSptDyn2	0
19	72	20	native	Areia_16VlnsSstndVSptDyn2	1	Areia_16VlnsSstndVSptDyn2	1
20	72	60	after	Areia_16VlnsSstndVFMpDyn3	1	Areia_16VlnsSstndVSptDyn2	0
20	72	60	native	Areia_16VlnsSstndVSptDyn2	1	Areia_16VlnsSstndVSptDyn2	1
21	72	60	after	Areia_16VlnsSstndVFMDyn3	1	Areia_16VlnsSstndVSptDyn2	0
21	72	60	native	Areia_16VlnsSstndVSptDyn2	1	Areia_16VlnsSstndVSptDyn2	1
22	72	60	after	Areia_16VlnsSstndVFMpDyn3	1	Areia_16VlnsSstndVSptDyn2	0
22	72	60	native	Areia_16VlnsSstndVSptDyn2	1	Areia_16VlnsSstndVSptDyn2	1
23	72	60	after	Areia_16VlnsSstndVFMDyn3	1	Areia_16VlnsSstndVSptDyn2	0
23	72	60	native	Areia_16VlnsSstndVSptDyn2	1	Areia_16VlnsSstndVSptDyn2	1
24	72	100	after	Areia_16VlnsSstndVFMDyn3	1	Areia_16VlnsSstndVSptDyn2	0
24	72	100	native	Areia_16VlnsSstndVSptDyn2	1	Areia_16VlnsSstndVSptDyn2	1
25	72	100	after	Areia_16VlnsSstndVFMpDyn3	1	Areia_16VlnsSstndVSptDyn2	0
25	72	100	native	Areia_16VlnsSstndVSptDyn2	1	Areia_16VlnsSstndVSptDyn2	1
26	72	100	after	Areia_16VlnsSstndVFMDyn3	1	Areia_16VlnsSstndVSptDyn2	0
26	72	100	native	Areia_16VlnsSstndVSptDyn2	1	Areia_16VlnsSstndVSptDyn2	1
27	72	100	after	Areia_16VlnsSstndVFMpDyn3	1	Areia_16VlnsSstndVSptDyn2	0
27	72	100	native	Areia_16VlnsSstndVSptDyn2	1	Areia_16VlnsSstndVSptDyn2	1
28	72	127	after	Areia_16VlnsSstndVFMDyn3	1	Areia_16VlnsSstndVSptDyn2	0
28	72	127	native	Areia_16VlnsSstndVSptDyn2	1	Areia_16VlnsSstndVSptDyn2	1
29	72	127	after	Areia_16VlnsSstndVFMDyn3	1	Areia_16VlnsSstndVSptDyn2	0
29	72	127	native	Areia_16VlnsSstndVSptDyn2	1	Areia_16VlnsSstndVSptDyn2	1
30	72	127	after	Areia_16VlnsSstndVFMpDyn3	1	Areia_16VlnsSstndVSptDyn2	0
30	72	127	native	Areia_16VlnsSstndVSptDyn2	1	Areia_16VlnsSstndVSptDyn2	1
31	72	127	after	Areia_16VlnsSstndVFMpDyn3	1	Areia_16VlnsSstndVSptDyn2	0
31	72	127	native	Areia_16VlnsSstndVSptDyn2	1	Areia_16VlnsSstndVSptDyn2	1
32	84	20	after	Areia_16VlnsSstndVFMDyn3	1	Areia_16VlnsTrmlSptDyn3	0
32	84	20	native	Areia_16VlnsTrmlSptDyn3	1	Areia_16VlnsTrmlSptDyn3	1
33	84	20	after	Areia_16VlnsSstndVFMDyn3	1	Areia_16VlnsTrmlSptDyn3	0
33	84	20	native	Areia_16VlnsTrmlSptDyn3	1	Areia_16VlnsTrmlSptDyn3	1
34	84	20	after	Areia_16VlnsSstndVFMDyn3	1	Areia_16VlnsTrmlSptDyn3	0
34	84	20	native	Areia_16VlnsTrmlSptDyn3	1	Areia_16VlnsTrmlSptDyn3	1
35	84	20	after	Areia_16VlnsSstndVFMDyn3	1	Areia_16VlnsTrmlSptDyn3	0
35	84	20	native	Areia_16VlnsTrmlSptDyn3	1	Areia_16VlnsTrmlSptDyn3	1
36	84	60	after	Areia_16VlnsSstndVFMDyn3	1	Areia_16VlnsTrmlSptDyn3	0
36	84	60	native	Areia_16VlnsTrmlSptDyn3	1	Areia_16VlnsTrmlSptDyn3	1
37	84	60	after	Areia_16VlnsSstndVFMDyn3	1	Areia_16VlnsTrmlSptDyn3	0
37	84	60	native	Areia_16VlnsTrmlSptDyn3	1	Areia_16VlnsTrmlSptDyn3	1
38	84	60	after	Areia_16VlnsSstndVFMDyn3	1	Areia_16VlnsTrmlSptDyn3	0
38	84	60	native	Areia_16VlnsTrmlSptDyn3	1	Areia_16VlnsTrmlSptDyn3	1
39	84	60	after	Areia_16VlnsSstndVFMDyn3	1	Areia_16VlnsTrmlSptDyn3	0
39	84	60	native	Areia_16VlnsTrmlSptDyn3	1	Areia_16VlnsTrmlSptDyn3	1
40	84	100	after	Areia_16VlnsSstndVFMDyn3	1	Areia_16VlnsTrmlSptDyn3	0
40	84	100	native	Areia_16VlnsTrmlSptDyn3	1	Areia_16VlnsTrmlSptDyn3	1
41	84	100	after	Areia_16VlnsSstndVFMDyn3	1	Areia_16VlnsTrmlSptDyn3	0
41	84	100	native	Areia_16VlnsTrmlSptDyn3	1	Areia_16VlnsTrmlSptDyn3	1
42	84	100	after	Areia_16VlnsSstndVFMDyn3	1	Areia_16VlnsTrmlSptDyn3	0
42	84	100	native	Areia_16VlnsTrmlSptDyn3	1	Areia_16VlnsTrmlSptDyn3	1
43	84	100	after	Areia_16VlnsSstndVFMDyn3	1	Areia_16VlnsTrmlSptDyn3	0
43	84	100	native	Areia_16VlnsTrmlSptDyn3	1	Areia_16VlnsTrmlSptDyn3	1
44	84	127	after	Areia_16VlnsSstndVFMDyn3	1	Areia_16VlnsTrmlSptDyn3	0
44	84	127	native	Areia_16VlnsTrmlSptDyn3	1	Areia_16VlnsTrmlSptDyn3	1
45	84	127	after	Areia_16VlnsSstndVFMDyn3	1	Areia_16VlnsTrmlSptDyn3	0
45	84	127	native	Areia_16VlnsTrmlSptDyn3	1	Areia_16VlnsTrmlSptDyn3	1
46	84	127	after	Areia_16VlnsSstndVFMDyn3	1	Areia_16VlnsTrmlSptDyn3	0
46	84	127	native	Areia_16VlnsTrmlSptDyn3	1	Areia_16VlnsTrmlSptDyn3	1
47	84	127	after	Areia_16VlnsSstndVFMDyn3	1	Areia_16VlnsTrmlSptDyn3	0
47	84	127	native	Areia_16VlnsTrmlSptDyn3	1	Areia_16VlnsTrmlSptDyn3	1
