layer	record	versions	field	wire_or_view_type	source	v1_definition	upstream
vendor/ni-file/src/kontakt	Chunk	see dispatch; not declared	id	u16	vendor/ni-file/src/kontakt/chunk.rs:14	present	unverified (upstream unavailable)
vendor/ni-file/src/kontakt	Chunk	see dispatch; not declared	data	Vec<u8>	vendor/ni-file/src/kontakt/chunk.rs:16	present	unverified (upstream unavailable)
vendor/ni-file/src/kontakt	KontaktChunks	see dispatch; not declared	raw	tuple/unit (see source)	vendor/ni-file/src/kontakt/chunk_set.rs:11	present	unverified (upstream unavailable)
vendor/ni-file/src/kontakt	KontaktInstrument	see dispatch; not declared	header	BPatchHeader	vendor/ni-file/src/kontakt/instrument.rs:5	present	unverified (upstream unavailable)
vendor/ni-file/src/kontakt	KontaktInstrument	see dispatch; not declared	preset	KontaktPreset	vendor/ni-file/src/kontakt/instrument.rs:7	present	unverified (upstream unavailable)
vendor/ni-file/src/kontakt	Bank	0x60, 0x71, 0x72, 0x73	raw	tuple/unit (see source)	vendor/ni-file/src/kontakt/objects/bank.rs:34	present	unverified (upstream unavailable)
vendor/ni-file/src/kontakt	BankPublicParams	0x60, 0x71, 0x72, 0x73	master_volume	f32	vendor/ni-file/src/kontakt/objects/bank.rs:37	present	unverified (upstream unavailable)
vendor/ni-file/src/kontakt	BankPublicParams	0x60, 0x71, 0x72, 0x73	master_tune	f32	vendor/ni-file/src/kontakt/objects/bank.rs:39	present	unverified (upstream unavailable)
vendor/ni-file/src/kontakt	BankPublicParams	0x60, 0x71, 0x72, 0x73	master_tempo	i32	vendor/ni-file/src/kontakt/objects/bank.rs:40	present	unverified (upstream unavailable)
vendor/ni-file/src/kontakt	BankPublicParams	0x60, 0x71, 0x72, 0x73	name	String	vendor/ni-file/src/kontakt/objects/bank.rs:41	present	unverified (upstream unavailable)
vendor/ni-file/src/kontakt	BParScript	0x50, 0x60	raw	tuple/unit (see source)	vendor/ni-file/src/kontakt/objects/bpar_script.rs:21	present	unverified (upstream unavailable)
vendor/ni-file/src/kontakt	BParScriptParams	0x50, 0x60	text	Option<String>	vendor/ni-file/src/kontakt/objects/bpar_script.rs:24	present	unverified (upstream unavailable)
vendor/ni-file/src/kontakt	BParScriptParams	0x50, 0x60	source_editor_open	bool	vendor/ni-file/src/kontakt/objects/bpar_script.rs:26	present	unverified (upstream unavailable)
vendor/ni-file/src/kontakt	BParScriptParams	0x50, 0x60	touched_but_not_applied	bool	vendor/ni-file/src/kontakt/objects/bpar_script.rs:27	present	unverified (upstream unavailable)
vendor/ni-file/src/kontakt	BParScriptParams	0x50, 0x60	bypass	bool	vendor/ni-file/src/kontakt/objects/bpar_script.rs:28	present	unverified (upstream unavailable)
vendor/ni-file/src/kontakt	BParScriptParams	0x50, 0x60	password_hash	Vec<u8>	vendor/ni-file/src/kontakt/objects/bpar_script.rs:29	present	unverified (upstream unavailable)
vendor/ni-file/src/kontakt	BParScriptParams	0x50, 0x60	description	Option<String>	vendor/ni-file/src/kontakt/objects/bpar_script.rs:30	present	unverified (upstream unavailable)
vendor/ni-file/src/kontakt	BParScriptParams	0x50, 0x60	textfile_name	Option<String>	vendor/ni-file/src/kontakt/objects/bpar_script.rs:31	present	unverified (upstream unavailable)
vendor/ni-file/src/kontakt	BParScriptParams	0x50, 0x60	persistent	Vec<String>	vendor/ni-file/src/kontakt/objects/bpar_script.rs:33	present	unverified (upstream unavailable)
vendor/ni-file/src/kontakt	ExternalModArray32	0x10, 0x12, 0x13	raw	tuple/unit (see source)	vendor/ni-file/src/kontakt/objects/bparam_array_ext_mod_32.rs:21	present	unverified (upstream unavailable)
vendor/ni-file/src/kontakt	BParamArrayBParFX8	0x10, 0x11, 0x12, 0x13	version	u16	vendor/ni-file/src/kontakt/objects/bparam_array_fx_8.rs:18	present	unverified (upstream unavailable)
vendor/ni-file/src/kontakt	BParamArrayBParFX8	0x10, 0x11, 0x12, 0x13	items	Vec<Option<Chunk>>	vendor/ni-file/src/kontakt/objects/bparam_array_fx_8.rs:20	present	unverified (upstream unavailable)
vendor/ni-file/src/kontakt	InternalModArray16	0x10, 0x12 (0x11 unsupported)	raw	tuple/unit (see source)	vendor/ni-file/src/kontakt/objects/bparam_array_int_mod_16.rs:21	present	unverified (upstream unavailable)
vendor/ni-file/src/kontakt	BParFX	0x50	raw	tuple/unit (see source)	vendor/ni-file/src/kontakt/objects/bparfx.rs:24	present	unverified (upstream unavailable)
vendor/ni-file/src/kontakt	BParFXParams	0x50	effect_type	u32	vendor/ni-file/src/kontakt/objects/bparfx.rs:34	present	unverified (upstream unavailable)
vendor/ni-file/src/kontakt	BParFXParams	0x50	bypass	bool	vendor/ni-file/src/kontakt/objects/bparfx.rs:35	present	unverified (upstream unavailable)
vendor/ni-file/src/kontakt	BParFXParams	0x50	output_gain	f32	vendor/ni-file/src/kontakt/objects/bparfx.rs:37	present	unverified (upstream unavailable)
vendor/ni-file/src/kontakt	BParFXParams	0x50	dry_level	f32	vendor/ni-file/src/kontakt/objects/bparfx.rs:39	present	unverified (upstream unavailable)
vendor/ni-file/src/kontakt	BParFXFilterRecord	0x50	version	u16	vendor/ni-file/src/kontakt/objects/bparfx.rs:94	present	unverified (upstream unavailable)
vendor/ni-file/src/kontakt	BParFXFilterRecord	0x50	filter_type	i32	vendor/ni-file/src/kontakt/objects/bparfx.rs:96	present	unverified (upstream unavailable)
vendor/ni-file/src/kontakt	BParFXFilterRecord	0x50	unknown_flag	Option<u8>	vendor/ni-file/src/kontakt/objects/bparfx.rs:97	present	unverified (upstream unavailable)
vendor/ni-file/src/kontakt	BParFXFilterRecord	0x50	leading_value	f32	vendor/ni-file/src/kontakt/objects/bparfx.rs:98	present	unverified (upstream unavailable)
vendor/ni-file/src/kontakt	BParFXFilterRecord	0x50	cutoff	f32	vendor/ni-file/src/kontakt/objects/bparfx.rs:99	present	unverified (upstream unavailable)
vendor/ni-file/src/kontakt	BParFXFilterRecord	0x50	resonance	f32	vendor/ni-file/src/kontakt/objects/bparfx.rs:100	present	unverified (upstream unavailable)
vendor/ni-file/src/kontakt	FXDelay	0x50, 0x51	raw	tuple/unit (see source)	vendor/ni-file/src/kontakt/objects/bparfx_delay.rs:22	present	unverified (upstream unavailable)
vendor/ni-file/src/kontakt	BParFXRotator	?	raw	tuple/unit (see source)	vendor/ni-file/src/kontakt/objects/bparfx_rotator.rs:17	present	unverified (upstream unavailable)
vendor/ni-file/src/kontakt	BParFXSendLevels	0x50, 0x51	raw	tuple/unit (see source)	vendor/ni-file/src/kontakt/objects/bparfx_send_level.rs:17	present	unverified (upstream unavailable)
vendor/ni-file/src/kontakt	EnvelopeAhdsr	0x11	attack_curve	f32	vendor/ni-file/src/kontakt/objects/envelope.rs:28	present	unverified (upstream unavailable)
vendor/ni-file/src/kontakt	EnvelopeAhdsr	0x11	attack_ms	f32	vendor/ni-file/src/kontakt/objects/envelope.rs:30	present	unverified (upstream unavailable)
vendor/ni-file/src/kontakt	EnvelopeAhdsr	0x11	decay_ms	f32	vendor/ni-file/src/kontakt/objects/envelope.rs:32	present	unverified (upstream unavailable)
vendor/ni-file/src/kontakt	EnvelopeAhdsr	0x11	hold_ms	f32	vendor/ni-file/src/kontakt/objects/envelope.rs:34	present	unverified (upstream unavailable)
vendor/ni-file/src/kontakt	EnvelopeAhdsr	0x11	release_ms	f32	vendor/ni-file/src/kontakt/objects/envelope.rs:36	present	unverified (upstream unavailable)
vendor/ni-file/src/kontakt	EnvelopeAhdsr	0x11	sustain	f32	vendor/ni-file/src/kontakt/objects/envelope.rs:38	present	unverified (upstream unavailable)
vendor/ni-file/src/kontakt	EnvelopeAhdsr	0x11	unknown_flag	u8	vendor/ni-file/src/kontakt/objects/envelope.rs:42	present	unverified (upstream unavailable)
vendor/ni-file/src/kontakt	EnvelopeAhdsr	0x11	unknown_tail	Vec<u8>	vendor/ni-file/src/kontakt/objects/envelope.rs:46	present	unverified (upstream unavailable)
vendor/ni-file/src/kontakt	FlexPoint	0x11	time_ms	f32	vendor/ni-file/src/kontakt/objects/envelope.rs:150	present	unverified (upstream unavailable)
vendor/ni-file/src/kontakt	FlexPoint	0x11	level	f32	vendor/ni-file/src/kontakt/objects/envelope.rs:152	present	unverified (upstream unavailable)
vendor/ni-file/src/kontakt	FlexPoint	0x11	curve	f32	vendor/ni-file/src/kontakt/objects/envelope.rs:154	present	unverified (upstream unavailable)
vendor/ni-file/src/kontakt	EnvelopeFlex	0x11, 0x12 (two more trailing bytes)	points	Vec<FlexPoint>	vendor/ni-file/src/kontakt/objects/envelope.rs:168	present	unverified (upstream unavailable)
vendor/ni-file/src/kontakt	EnvelopeFlex	0x11, 0x12 (two more trailing bytes)	sustain	u32	vendor/ni-file/src/kontakt/objects/envelope.rs:171	present	unverified (upstream unavailable)
vendor/ni-file/src/kontakt	EnvelopeFlex	0x11, 0x12 (two more trailing bytes)	unknown_index	u32	vendor/ni-file/src/kontakt/objects/envelope.rs:174	present	unverified (upstream unavailable)
vendor/ni-file/src/kontakt	EnvelopeFlex	0x11, 0x12 (two more trailing bytes)	unknown_tail	Vec<u8>	vendor/ni-file/src/kontakt/objects/envelope.rs:178	present	unverified (upstream unavailable)
vendor/ni-file/src/kontakt	BFileName	see dispatch; not declared	raw	tuple/unit (see source)	vendor/ni-file/src/kontakt/objects/filename.rs:3	present	unverified (upstream unavailable)
vendor/ni-file/src/kontakt	BFileNameSegment	see dispatch; not declared	raw	tuple/unit (see source)	vendor/ni-file/src/kontakt/objects/filename.rs:4	present	unverified (upstream unavailable)
vendor/ni-file/src/kontakt	BFileNameRecord	see dispatch; not declared	segments	Vec<BFileNameSegmentRecord>	vendor/ni-file/src/kontakt/objects/filename.rs:9	present	unverified (upstream unavailable)
vendor/ni-file/src/kontakt	BFileNameSegmentRecord	see dispatch; not declared	kind	u8	vendor/ni-file/src/kontakt/objects/filename.rs:14	present	unverified (upstream unavailable)
vendor/ni-file/src/kontakt	BFileNameSegmentRecord	see dispatch; not declared	text	Option<Vec<u16>>	vendor/ni-file/src/kontakt/objects/filename.rs:17	present	unverified (upstream unavailable)
vendor/ni-file/src/kontakt	FileNameListPreK51	see dispatch; not declared	special_filetable	HashMap<u32, String>	vendor/ni-file/src/kontakt/objects/filename_list.rs:58	present	unverified (upstream unavailable)
vendor/ni-file/src/kontakt	FileNameListPreK51	see dispatch; not declared	sample_filetable	HashMap<u32, String>	vendor/ni-file/src/kontakt/objects/filename_list.rs:60	present	unverified (upstream unavailable)
vendor/ni-file/src/kontakt	FileNameListPreK51	see dispatch; not declared	sample_timestamp_table	HashMap<u32, time::Date>	vendor/ni-file/src/kontakt/objects/filename_list.rs:63	present	unverified (upstream unavailable)
vendor/ni-file/src/kontakt	FileNameListPreK51	see dispatch; not declared	other_filetable	HashMap<u32, String>	vendor/ni-file/src/kontakt/objects/filename_list.rs:65	present	unverified (upstream unavailable)
vendor/ni-file/src/kontakt	FNTableRecord	see dispatch; not declared	special_files	Vec<super::BFileNameRecord>	vendor/ni-file/src/kontakt/objects/filename_table.rs:18	present	unverified (upstream unavailable)
vendor/ni-file/src/kontakt	FNTableRecord	see dispatch; not declared	samples	Vec<FNTableSampleRecord>	vendor/ni-file/src/kontakt/objects/filename_table.rs:20	present	unverified (upstream unavailable)
vendor/ni-file/src/kontakt	FNTableRecord	see dispatch; not declared	other_files	Vec<super::BFileNameRecord>	vendor/ni-file/src/kontakt/objects/filename_table.rs:21	present	unverified (upstream unavailable)
vendor/ni-file/src/kontakt	FNTableRecord	see dispatch; not declared	trailing_data	Vec<u8>	vendor/ni-file/src/kontakt/objects/filename_table.rs:22	present	unverified (upstream unavailable)
vendor/ni-file/src/kontakt	FNTableSampleRecord	see dispatch; not declared	filename	super::BFileNameRecord	vendor/ni-file/src/kontakt/objects/filename_table.rs:26	present	unverified (upstream unavailable)
vendor/ni-file/src/kontakt	FNTableSampleRecord	see dispatch; not declared	timestamp	u64	vendor/ni-file/src/kontakt/objects/filename_table.rs:28	present	unverified (upstream unavailable)
vendor/ni-file/src/kontakt	FNTableSampleRecord	see dispatch; not declared	unknown_record	u32	vendor/ni-file/src/kontakt/objects/filename_table.rs:29	present	unverified (upstream unavailable)
vendor/ni-file/src/kontakt	FNTableImpl	see dispatch; not declared	special_filetable	HashMap<u32, String>	vendor/ni-file/src/kontakt/objects/filename_table.rs:170	present	unverified (upstream unavailable)
vendor/ni-file/src/kontakt	FNTableImpl	see dispatch; not declared	sample_filetable	HashMap<u32, String>	vendor/ni-file/src/kontakt/objects/filename_table.rs:172	present	unverified (upstream unavailable)
vendor/ni-file/src/kontakt	FNTableImpl	see dispatch; not declared	sample_timestamp_table	HashMap<u32, time::Date>	vendor/ni-file/src/kontakt/objects/filename_table.rs:175	present	unverified (upstream unavailable)
vendor/ni-file/src/kontakt	FNTableImpl	see dispatch; not declared	other_filetable	HashMap<u32, String>	vendor/ni-file/src/kontakt/objects/filename_table.rs:177	present	unverified (upstream unavailable)
vendor/ni-file/src/kontakt	Group	see dispatch; not declared	raw	tuple/unit (see source)	vendor/ni-file/src/kontakt/objects/group.rs:16	present	unverified (upstream unavailable)
vendor/ni-file/src/kontakt	SourceIdentity	see dispatch; not declared	flag	u8	vendor/ni-file/src/kontakt/objects/group.rs:21	present	unverified (upstream unavailable)
vendor/ni-file/src/kontakt	SourceIdentity	see dispatch; not declared	structured	bool	vendor/ni-file/src/kontakt/objects/group.rs:23	present	unverified (upstream unavailable)
vendor/ni-file/src/kontakt	SourceIdentity	see dispatch; not declared	version	u16	vendor/ni-file/src/kontakt/objects/group.rs:24	present	unverified (upstream unavailable)
vendor/ni-file/src/kontakt	SourceIdentity	see dispatch; not declared	mode	u32	vendor/ni-file/src/kontakt/objects/group.rs:25	present	unverified (upstream unavailable)
vendor/ni-file/src/kontakt	WavetableSource	see dispatch; not declared	common	[u8; 30]	vendor/ni-file/src/kontakt/objects/group.rs:33	present	unverified (upstream unavailable)
vendor/ni-file/src/kontakt	WavetableSource	see dispatch; not declared	position	f32	vendor/ni-file/src/kontakt/objects/group.rs:35	present	unverified (upstream unavailable)
vendor/ni-file/src/kontakt	WavetableSource	see dispatch; not declared	form1	f32	vendor/ni-file/src/kontakt/objects/group.rs:36	present	unverified (upstream unavailable)
vendor/ni-file/src/kontakt	WavetableSource	see dispatch; not declared	phase	f32	vendor/ni-file/src/kontakt/objects/group.rs:37	present	unverified (upstream unavailable)
vendor/ni-file/src/kontakt	WavetableSource	see dispatch; not declared	phase_random	f32	vendor/ni-file/src/kontakt/objects/group.rs:38	present	unverified (upstream unavailable)
vendor/ni-file/src/kontakt	WavetableSource	see dispatch; not declared	form_type	u32	vendor/ni-file/src/kontakt/objects/group.rs:39	present	unverified (upstream unavailable)
vendor/ni-file/src/kontakt	WavetableSource	see dispatch; not declared	quality	u32	vendor/ni-file/src/kontakt/objects/group.rs:40	present	unverified (upstream unavailable)
vendor/ni-file/src/kontakt	WavetableSource	see dispatch; not declared	inharmonic_enabled	bool	vendor/ni-file/src/kontakt/objects/group.rs:41	present	unverified (upstream unavailable)
vendor/ni-file/src/kontakt	WavetableSource	see dispatch; not declared	inharmonic	f32	vendor/ni-file/src/kontakt/objects/group.rs:42	present	unverified (upstream unavailable)
vendor/ni-file/src/kontakt	WavetableSource	see dispatch; not declared	form2	f32	vendor/ni-file/src/kontakt/objects/group.rs:43	present	unverified (upstream unavailable)
vendor/ni-file/src/kontakt	WavetableSource	see dispatch; not declared	form2_type	u32	vendor/ni-file/src/kontakt/objects/group.rs:44	present	unverified (upstream unavailable)
vendor/ni-file/src/kontakt	WavetableSource	see dispatch; not declared	mod_wave	u32	vendor/ni-file/src/kontakt/objects/group.rs:45	present	unverified (upstream unavailable)
vendor/ni-file/src/kontakt	WavetableSource	see dispatch; not declared	mod_type	u32	vendor/ni-file/src/kontakt/objects/group.rs:46	present	unverified (upstream unavailable)
vendor/ni-file/src/kontakt	WavetableSource	see dispatch; not declared	mod_amount	f32	vendor/ni-file/src/kontakt/objects/group.rs:47	present	unverified (upstream unavailable)
vendor/ni-file/src/kontakt	WavetableSource	see dispatch; not declared	mod_tune	f32	vendor/ni-file/src/kontakt/objects/group.rs:48	present	unverified (upstream unavailable)
vendor/ni-file/src/kontakt	WavetableSource	see dispatch; not declared	unknown_tail	[u8; 16]	vendor/ni-file/src/kontakt/objects/group.rs:49	present	unverified (upstream unavailable)
vendor/ni-file/src/kontakt	GroupParams	see dispatch; not declared	name	String	vendor/ni-file/src/kontakt/objects/group.rs:112	present	unverified (upstream unavailable)
vendor/ni-file/src/kontakt	GroupParams	see dispatch; not declared	volume	f32	vendor/ni-file/src/kontakt/objects/group.rs:115	present	unverified (upstream unavailable)
vendor/ni-file/src/kontakt	GroupParams	see dispatch; not declared	pan	f32	vendor/ni-file/src/kontakt/objects/group.rs:116	present	unverified (upstream unavailable)
vendor/ni-file/src/kontakt	GroupParams	see dispatch; not declared	tune	f32	vendor/ni-file/src/kontakt/objects/group.rs:118	present	unverified (upstream unavailable)
vendor/ni-file/src/kontakt	GroupParams	see dispatch; not declared	key_tracking	bool	vendor/ni-file/src/kontakt/objects/group.rs:120	present	unverified (upstream unavailable)
vendor/ni-file/src/kontakt	GroupParams	see dispatch; not declared	reverse	bool	vendor/ni-file/src/kontakt/objects/group.rs:122	present	unverified (upstream unavailable)
vendor/ni-file/src/kontakt	GroupParams	see dispatch; not declared	release_trigger	bool	vendor/ni-file/src/kontakt/objects/group.rs:123	present	unverified (upstream unavailable)
vendor/ni-file/src/kontakt	GroupParams	see dispatch; not declared	release_trigger_note_monophonic	bool	vendor/ni-file/src/kontakt/objects/group.rs:124	present	unverified (upstream unavailable)
vendor/ni-file/src/kontakt	GroupParams	see dispatch; not declared	rls_trig_counter	i32	vendor/ni-file/src/kontakt/objects/group.rs:125	present	unverified (upstream unavailable)
vendor/ni-file/src/kontakt	GroupParams	see dispatch; not declared	midi_channel	i16	vendor/ni-file/src/kontakt/objects/group.rs:126	present	unverified (upstream unavailable)
vendor/ni-file/src/kontakt	GroupParams	see dispatch; not declared	voice_group_index	i32	vendor/ni-file/src/kontakt/objects/group.rs:127	present	unverified (upstream unavailable)
vendor/ni-file/src/kontakt	GroupParams	see dispatch; not declared	fx_idx_amp_split_point	i32	vendor/ni-file/src/kontakt/objects/group.rs:128	present	unverified (upstream unavailable)
vendor/ni-file/src/kontakt	GroupParams	see dispatch; not declared	muted	bool	vendor/ni-file/src/kontakt/objects/group.rs:129	present	unverified (upstream unavailable)
vendor/ni-file/src/kontakt	GroupParams	see dispatch; not declared	soloed	bool	vendor/ni-file/src/kontakt/objects/group.rs:130	present	unverified (upstream unavailable)
vendor/ni-file/src/kontakt	GroupParams	see dispatch; not declared	interp_quality	i32	vendor/ni-file/src/kontakt/objects/group.rs:131	present	unverified (upstream unavailable)
vendor/ni-file/src/kontakt	GroupParams	see dispatch; not declared	start_criteria	StartCriteriaList	vendor/ni-file/src/kontakt/objects/group.rs:134	present	unverified (upstream unavailable)
vendor/ni-file/src/kontakt	GroupList	see dispatch; not declared	groups	Vec<Group>	vendor/ni-file/src/kontakt/objects/group_list.rs:18	present	unverified (upstream unavailable)
vendor/ni-file/src/kontakt	BPatchHeaderV42	see dispatch; not declared	patch_type	PatchType	vendor/ni-file/src/kontakt/objects/header.rs:36	present	unverified (upstream unavailable)
vendor/ni-file/src/kontakt	BPatchHeaderV42	see dispatch; not declared	patch_version	NKIAppVersion	vendor/ni-file/src/kontakt/objects/header.rs:39	present	unverified (upstream unavailable)
vendor/ni-file/src/kontakt	BPatchHeaderV42	see dispatch; not declared	app_signature	String	vendor/ni-file/src/kontakt/objects/header.rs:40	present	unverified (upstream unavailable)
vendor/ni-file/src/kontakt	BPatchHeaderV42	see dispatch; not declared	created_at	time::Date	vendor/ni-file/src/kontakt/objects/header.rs:41	present	unverified (upstream unavailable)
vendor/ni-file/src/kontakt	BPatchHeaderV42	see dispatch; not declared	u_a	u32	vendor/ni-file/src/kontakt/objects/header.rs:43	present	unverified (upstream unavailable)
vendor/ni-file/src/kontakt	BPatchHeaderV42	see dispatch; not declared	number_of_zones	u16	vendor/ni-file/src/kontakt/objects/header.rs:44	present	unverified (upstream unavailable)
vendor/ni-file/src/kontakt	BPatchHeaderV42	see dispatch; not declared	number_of_groups	u16	vendor/ni-file/src/kontakt/objects/header.rs:45	present	unverified (upstream unavailable)
vendor/ni-file/src/kontakt	BPatchHeaderV42	see dispatch; not declared	number_of_instruments	u16	vendor/ni-file/src/kontakt/objects/header.rs:46	present	unverified (upstream unavailable)
vendor/ni-file/src/kontakt	BPatchHeaderV42	see dispatch; not declared	pcm_data_len	u32	vendor/ni-file/src/kontakt/objects/header.rs:49	present	unverified (upstream unavailable)
vendor/ni-file/src/kontakt	BPatchHeaderV42	see dispatch; not declared	is_monolith	bool	vendor/ni-file/src/kontakt/objects/header.rs:50	present	unverified (upstream unavailable)
vendor/ni-file/src/kontakt	BPatchHeaderV42	see dispatch; not declared	min_supported_version	NKIAppVersion	vendor/ni-file/src/kontakt/objects/header.rs:51	present	unverified (upstream unavailable)
vendor/ni-file/src/kontakt	BPatchHeaderV42	see dispatch; not declared	u_c	u32	vendor/ni-file/src/kontakt/objects/header.rs:52	present	unverified (upstream unavailable)
vendor/ni-file/src/kontakt	BPatchHeaderV42	see dispatch; not declared	cat_icon_idx	u32	vendor/ni-file/src/kontakt/objects/header.rs:53	present	unverified (upstream unavailable)
vendor/ni-file/src/kontakt	BPatchHeaderV42	see dispatch; not declared	instrument_author	String	vendor/ni-file/src/kontakt/objects/header.rs:54	present	unverified (upstream unavailable)
vendor/ni-file/src/kontakt	BPatchHeaderV42	see dispatch; not declared	instrument_cat1	u8	vendor/ni-file/src/kontakt/objects/header.rs:55	present	unverified (upstream unavailable)
vendor/ni-file/src/kontakt	BPatchHeaderV42	see dispatch; not declared	instrument_cat2	u8	vendor/ni-file/src/kontakt/objects/header.rs:56	present	unverified (upstream unavailable)
vendor/ni-file/src/kontakt	BPatchHeaderV42	see dispatch; not declared	instrument_cat3	u8	vendor/ni-file/src/kontakt/objects/header.rs:57	present	unverified (upstream unavailable)
vendor/ni-file/src/kontakt	BPatchHeaderV42	see dispatch; not declared	instrument_url	String	vendor/ni-file/src/kontakt/objects/header.rs:58	present	unverified (upstream unavailable)
vendor/ni-file/src/kontakt	BPatchHeaderV42	see dispatch; not declared	u_b	u32	vendor/ni-file/src/kontakt/objects/header.rs:59	present	unverified (upstream unavailable)
vendor/ni-file/src/kontakt	BPatchHeaderV42	see dispatch; not declared	flags	u32	vendor/ni-file/src/kontakt/objects/header.rs:61	present	unverified (upstream unavailable)
vendor/ni-file/src/kontakt	BPatchHeaderV42	see dispatch; not declared	md5_checksum	Vec<u8>	vendor/ni-file/src/kontakt/objects/header.rs:63	present	unverified (upstream unavailable)
vendor/ni-file/src/kontakt	BPatchHeaderV42	see dispatch; not declared	svn_revision	u32	vendor/ni-file/src/kontakt/objects/header.rs:66	present	unverified (upstream unavailable)
vendor/ni-file/src/kontakt	BPatchHeaderV42	see dispatch; not declared	crc32_fast	[u8; 4]	vendor/ni-file/src/kontakt/objects/header.rs:68	present	unverified (upstream unavailable)
vendor/ni-file/src/kontakt	BPatchHeaderV42	see dispatch; not declared	decompressed_length	u32	vendor/ni-file/src/kontakt/objects/header.rs:70	present	unverified (upstream unavailable)
vendor/ni-file/src/kontakt	BPatchHeaderV2	see dispatch; not declared	patch_type	PatchType	vendor/ni-file/src/kontakt/objects/header.rs:75	present	unverified (upstream unavailable)
vendor/ni-file/src/kontakt	BPatchHeaderV2	see dispatch; not declared	patch_version	NKIAppVersion	vendor/ni-file/src/kontakt/objects/header.rs:78	present	unverified (upstream unavailable)
vendor/ni-file/src/kontakt	BPatchHeaderV2	see dispatch; not declared	app_signature	String	vendor/ni-file/src/kontakt/objects/header.rs:79	present	unverified (upstream unavailable)
vendor/ni-file/src/kontakt	BPatchHeaderV2	see dispatch; not declared	created_at	time::Date	vendor/ni-file/src/kontakt/objects/header.rs:80	present	unverified (upstream unavailable)
vendor/ni-file/src/kontakt	BPatchHeaderV2	see dispatch; not declared	u_a	u32	vendor/ni-file/src/kontakt/objects/header.rs:82	present	unverified (upstream unavailable)
vendor/ni-file/src/kontakt	BPatchHeaderV2	see dispatch; not declared	number_of_zones	u16	vendor/ni-file/src/kontakt/objects/header.rs:83	present	unverified (upstream unavailable)
vendor/ni-file/src/kontakt	BPatchHeaderV2	see dispatch; not declared	number_of_groups	u16	vendor/ni-file/src/kontakt/objects/header.rs:84	present	unverified (upstream unavailable)
vendor/ni-file/src/kontakt	BPatchHeaderV2	see dispatch; not declared	number_of_instruments	u16	vendor/ni-file/src/kontakt/objects/header.rs:85	present	unverified (upstream unavailable)
vendor/ni-file/src/kontakt	BPatchHeaderV2	see dispatch; not declared	pcm_data_len	u32	vendor/ni-file/src/kontakt/objects/header.rs:88	present	unverified (upstream unavailable)
vendor/ni-file/src/kontakt	BPatchHeaderV2	see dispatch; not declared	is_monolith	bool	vendor/ni-file/src/kontakt/objects/header.rs:89	present	unverified (upstream unavailable)
vendor/ni-file/src/kontakt	BPatchHeaderV2	see dispatch; not declared	min_supported_version	NKIAppVersion	vendor/ni-file/src/kontakt/objects/header.rs:90	present	unverified (upstream unavailable)
vendor/ni-file/src/kontakt	BPatchHeaderV2	see dispatch; not declared	u_c	u32	vendor/ni-file/src/kontakt/objects/header.rs:91	present	unverified (upstream unavailable)
vendor/ni-file/src/kontakt	BPatchHeaderV2	see dispatch; not declared	cat_icon_idx	u32	vendor/ni-file/src/kontakt/objects/header.rs:92	present	unverified (upstream unavailable)
vendor/ni-file/src/kontakt	BPatchHeaderV2	see dispatch; not declared	instrument_author	String	vendor/ni-file/src/kontakt/objects/header.rs:93	present	unverified (upstream unavailable)
vendor/ni-file/src/kontakt	BPatchHeaderV2	see dispatch; not declared	instrument_url	String	vendor/ni-file/src/kontakt/objects/header.rs:94	present	unverified (upstream unavailable)
vendor/ni-file/src/kontakt	BPatchHeaderV2	see dispatch; not declared	instrument_cat1	u8	vendor/ni-file/src/kontakt/objects/header.rs:95	present	unverified (upstream unavailable)
vendor/ni-file/src/kontakt	BPatchHeaderV2	see dispatch; not declared	instrument_cat2	u8	vendor/ni-file/src/kontakt/objects/header.rs:96	present	unverified (upstream unavailable)
vendor/ni-file/src/kontakt	BPatchHeaderV2	see dispatch; not declared	instrument_cat3	u8	vendor/ni-file/src/kontakt/objects/header.rs:97	present	unverified (upstream unavailable)
vendor/ni-file/src/kontakt	BPatchHeaderV2	see dispatch; not declared	svn_revision	u32	vendor/ni-file/src/kontakt/objects/header.rs:98	present	unverified (upstream unavailable)
vendor/ni-file/src/kontakt	BPatchHeaderV2	see dispatch; not declared	patch_level	u32	vendor/ni-file/src/kontakt/objects/header.rs:99	present	unverified (upstream unavailable)
vendor/ni-file/src/kontakt	BPatchHeaderV2	see dispatch; not declared	u_b	u32	vendor/ni-file/src/kontakt/objects/header.rs:100	present	unverified (upstream unavailable)
vendor/ni-file/src/kontakt	BPatchHeaderV2	see dispatch; not declared	unknown_offset	u32	vendor/ni-file/src/kontakt/objects/header.rs:101	present	unverified (upstream unavailable)
vendor/ni-file/src/kontakt	BPatchHeaderV1	see dispatch; not declared	u_version	u16	vendor/ni-file/src/kontakt/objects/header.rs:106	present	unverified (upstream unavailable)
vendor/ni-file/src/kontakt	BPatchHeaderV1	see dispatch; not declared	u_a	u32	vendor/ni-file/src/kontakt/objects/header.rs:108	present	unverified (upstream unavailable)
vendor/ni-file/src/kontakt	BPatchHeaderV1	see dispatch; not declared	u_b	u32	vendor/ni-file/src/kontakt/objects/header.rs:109	present	unverified (upstream unavailable)
vendor/ni-file/src/kontakt	BPatchHeaderV1	see dispatch; not declared	u_c	u32	vendor/ni-file/src/kontakt/objects/header.rs:110	present	unverified (upstream unavailable)
vendor/ni-file/src/kontakt	BPatchHeaderV1	see dispatch; not declared	u_d	u32	vendor/ni-file/src/kontakt/objects/header.rs:111	present	unverified (upstream unavailable)
vendor/ni-file/src/kontakt	BPatchHeaderV1	see dispatch; not declared	created_at	time::Date	vendor/ni-file/src/kontakt/objects/header.rs:112	present	unverified (upstream unavailable)
vendor/ni-file/src/kontakt	BPatchHeaderV1	see dispatch; not declared	samples_size	u32	vendor/ni-file/src/kontakt/objects/header.rs:113	present	unverified (upstream unavailable)
vendor/ni-file/src/kontakt	NKIAppVersion	see dispatch; not declared	major	u8	vendor/ni-file/src/kontakt/objects/header.rs:340	present	unverified (upstream unavailable)
vendor/ni-file/src/kontakt	NKIAppVersion	see dispatch; not declared	minor_1	u8	vendor/ni-file/src/kontakt/objects/header.rs:342	present	unverified (upstream unavailable)
vendor/ni-file/src/kontakt	NKIAppVersion	see dispatch; not declared	minor_2	u8	vendor/ni-file/src/kontakt/objects/header.rs:343	present	unverified (upstream unavailable)
vendor/ni-file/src/kontakt	NKIAppVersion	see dispatch; not declared	minor_3	u8	vendor/ni-file/src/kontakt/objects/header.rs:344	present	unverified (upstream unavailable)
vendor/ni-file/src/kontakt	InsertBus	0x11	raw	tuple/unit (see source)	vendor/ni-file/src/kontakt/objects/insert_bus.rs:23	present	unverified (upstream unavailable)
vendor/ni-file/src/kontakt	InsertBusParams	0x11	name	String	vendor/ni-file/src/kontakt/objects/insert_bus.rs:26	present	unverified (upstream unavailable)
vendor/ni-file/src/kontakt	InsertBusParams	0x11	volume	f32	vendor/ni-file/src/kontakt/objects/insert_bus.rs:29	present	unverified (upstream unavailable)
vendor/ni-file/src/kontakt	InsertBusParams	0x11	pan	f32	vendor/ni-file/src/kontakt/objects/insert_bus.rs:31	present	unverified (upstream unavailable)
vendor/ni-file/src/kontakt	InsertBusParams	0x11	output	i32	vendor/ni-file/src/kontakt/objects/insert_bus.rs:33	present	unverified (upstream unavailable)
vendor/ni-file/src/kontakt	InternalMod	0x80, 0x81	raw	tuple/unit (see source)	vendor/ni-file/src/kontakt/objects/internal_mod.rs:30	present	unverified (upstream unavailable)
vendor/ni-file/src/kontakt	InternalModParams	0x80, 0x81	name	String	vendor/ni-file/src/kontakt/objects/internal_mod.rs:36	present	unverified (upstream unavailable)
vendor/ni-file/src/kontakt	InternalModParams	0x80, 0x81	targets	Vec<ModTarget>	vendor/ni-file/src/kontakt/objects/internal_mod.rs:37	present	unverified (upstream unavailable)
vendor/ni-file/src/kontakt	InternalModParams	0x80, 0x81	modulator	Modulator	vendor/ni-file/src/kontakt/objects/internal_mod.rs:38	present	unverified (upstream unavailable)
vendor/ni-file/src/kontakt	InternalModParams	0x80, 0x81	unknown_flags	[u8; 4]	vendor/ni-file/src/kontakt/objects/internal_mod.rs:42	present	unverified (upstream unavailable)
vendor/ni-file/src/kontakt	InternalModParams	0x80, 0x81	unknown_id	u32	vendor/ni-file/src/kontakt/objects/internal_mod.rs:44	present	unverified (upstream unavailable)
vendor/ni-file/src/kontakt	LfoRecord	see dispatch; not declared	flag	bool	vendor/ni-file/src/kontakt/objects/lfo.rs:11	present	unverified (upstream unavailable)
vendor/ni-file/src/kontakt	LfoRecord	see dispatch; not declared	values	[f32; 3]	vendor/ni-file/src/kontakt/objects/lfo.rs:13	present	unverified (upstream unavailable)
vendor/ni-file/src/kontakt	Lfo	see dispatch; not declared	structured	bool	vendor/ni-file/src/kontakt/objects/lfo.rs:24	present	unverified (upstream unavailable)
vendor/ni-file/src/kontakt	Lfo	see dispatch; not declared	version	u16	vendor/ni-file/src/kontakt/objects/lfo.rs:25	present	unverified (upstream unavailable)
vendor/ni-file/src/kontakt	Lfo	see dispatch; not declared	waveform	u32	vendor/ni-file/src/kontakt/objects/lfo.rs:26	present	unverified (upstream unavailable)
vendor/ni-file/src/kontakt	Lfo	see dispatch; not declared	initial_values	[f32; 4]	vendor/ni-file/src/kontakt/objects/lfo.rs:29	present	unverified (upstream unavailable)
vendor/ni-file/src/kontakt	Lfo	see dispatch; not declared	records	[LfoRecord; 2]	vendor/ni-file/src/kontakt/objects/lfo.rs:34	present	unverified (upstream unavailable)
vendor/ni-file/src/kontakt	Lfo	see dispatch; not declared	trailing_flag	bool	vendor/ni-file/src/kontakt/objects/lfo.rs:36	present	unverified (upstream unavailable)
vendor/ni-file/src/kontakt	Lfo	see dispatch; not declared	trailing_values	Option<[f32; 5]>	vendor/ni-file/src/kontakt/objects/lfo.rs:39	present	unverified (upstream unavailable)
vendor/ni-file/src/kontakt	Lfo	see dispatch; not declared	additional_flag	Option<bool>	vendor/ni-file/src/kontakt/objects/lfo.rs:41	present	unverified (upstream unavailable)
vendor/ni-file/src/kontakt	LoopArray	see dispatch; not declared	items	Vec<Loop>	vendor/ni-file/src/kontakt/objects/loop_array.rs:14	present	unverified (upstream unavailable)
vendor/ni-file/src/kontakt	Loop	see dispatch; not declared	mode	i32	vendor/ni-file/src/kontakt/objects/loop_data.rs:10	present	unverified (upstream unavailable)
vendor/ni-file/src/kontakt	Loop	see dispatch; not declared	loop_start	i32	vendor/ni-file/src/kontakt/objects/loop_data.rs:12	present	unverified (upstream unavailable)
vendor/ni-file/src/kontakt	Loop	see dispatch; not declared	loop_length	i32	vendor/ni-file/src/kontakt/objects/loop_data.rs:13	present	unverified (upstream unavailable)
vendor/ni-file/src/kontakt	Loop	see dispatch; not declared	loop_count	i32	vendor/ni-file/src/kontakt/objects/loop_data.rs:14	present	unverified (upstream unavailable)
vendor/ni-file/src/kontakt	Loop	see dispatch; not declared	alternating_loop	bool	vendor/ni-file/src/kontakt/objects/loop_data.rs:15	present	unverified (upstream unavailable)
vendor/ni-file/src/kontakt	Loop	see dispatch; not declared	loop_tuning	f32	vendor/ni-file/src/kontakt/objects/loop_data.rs:16	present	unverified (upstream unavailable)
vendor/ni-file/src/kontakt	Loop	see dispatch; not declared	x_fade_length	i32	vendor/ni-file/src/kontakt/objects/loop_data.rs:17	present	unverified (upstream unavailable)
vendor/ni-file/src/kontakt	ModTarget	see dispatch; not declared	param	String	vendor/ni-file/src/kontakt/objects/modulation.rs:31	present	unverified (upstream unavailable)
vendor/ni-file/src/kontakt	ModTarget	see dispatch; not declared	intensity	f32	vendor/ni-file/src/kontakt/objects/modulation.rs:33	present	unverified (upstream unavailable)
vendor/ni-file/src/kontakt	ModTarget	see dispatch; not declared	lag_ms	u16	vendor/ni-file/src/kontakt/objects/modulation.rs:35	present	unverified (upstream unavailable)
vendor/ni-file/src/kontakt	ModTarget	see dispatch; not declared	name	String	vendor/ni-file/src/kontakt/objects/modulation.rs:37	present	unverified (upstream unavailable)
vendor/ni-file/src/kontakt	ModTarget	see dispatch; not declared	slot	Option<u8>	vendor/ni-file/src/kontakt/objects/modulation.rs:39	present	unverified (upstream unavailable)
vendor/ni-file/src/kontakt	ModTarget	see dispatch; not declared	invert	bool	vendor/ni-file/src/kontakt/objects/modulation.rs:41	present	unverified (upstream unavailable)
vendor/ni-file/src/kontakt	ModTarget	see dispatch; not declared	shaper	Option<ModShaper>	vendor/ni-file/src/kontakt/objects/modulation.rs:43	present	unverified (upstream unavailable)
vendor/ni-file/src/kontakt	ModTarget	see dispatch; not declared	unknown_i16	i16	vendor/ni-file/src/kontakt/objects/modulation.rs:46	present	unverified (upstream unavailable)
vendor/ni-file/src/kontakt	ModTarget	see dispatch; not declared	unknown_flags	u8	vendor/ni-file/src/kontakt/objects/modulation.rs:49	present	unverified (upstream unavailable)
vendor/ni-file/src/kontakt	ModShaper	see dispatch; not declared	enabled	bool	vendor/ni-file/src/kontakt/objects/modulation.rs:57	present	unverified (upstream unavailable)
vendor/ni-file/src/kontakt	ModShaper	see dispatch; not declared	curve	ShaperCurve	vendor/ni-file/src/kontakt/objects/modulation.rs:59	present	unverified (upstream unavailable)
vendor/ni-file/src/kontakt	Breakpoint	see dispatch; not declared	x	f32	vendor/ni-file/src/kontakt/objects/modulation.rs:111	present	unverified (upstream unavailable)
vendor/ni-file/src/kontakt	Breakpoint	see dispatch; not declared	y	f32	vendor/ni-file/src/kontakt/objects/modulation.rs:113	present	unverified (upstream unavailable)
vendor/ni-file/src/kontakt	Breakpoint	see dispatch; not declared	curve	f32	vendor/ni-file/src/kontakt/objects/modulation.rs:115	present	unverified (upstream unavailable)
vendor/ni-file/src/kontakt	ExternalMod	0x100, 0x101, 0x102, 0x103, 0x104	raw	tuple/unit (see source)	vendor/ni-file/src/kontakt/objects/modulation.rs:149	present	unverified (upstream unavailable)
vendor/ni-file/src/kontakt	ExternalModParams	0x100, 0x101, 0x102, 0x103, 0x104	name	String	vendor/ni-file/src/kontakt/objects/modulation.rs:156	present	unverified (upstream unavailable)
vendor/ni-file/src/kontakt	ExternalModParams	0x100, 0x101, 0x102, 0x103, 0x104	source	ModSource	vendor/ni-file/src/kontakt/objects/modulation.rs:157	present	unverified (upstream unavailable)
vendor/ni-file/src/kontakt	ExternalModParams	0x100, 0x101, 0x102, 0x103, 0x104	targets	Vec<ModTarget>	vendor/ni-file/src/kontakt/objects/modulation.rs:158	present	unverified (upstream unavailable)
vendor/ni-file/src/kontakt	ExternalModParams	0x100, 0x101, 0x102, 0x103, 0x104	unknown_id	u32	vendor/ni-file/src/kontakt/objects/modulation.rs:161	present	unverified (upstream unavailable)
vendor/ni-file/src/kontakt	ExternalModParams	0x100, 0x101, 0x102, 0x103, 0x104	unknown_source_data	Vec<u8>	vendor/ni-file/src/kontakt/objects/modulation.rs:165	present	unverified (upstream unavailable)
vendor/ni-file/src/kontakt	ExternalModParams	0x100, 0x101, 0x102, 0x103, 0x104	unknown_tail	Vec<u8>	vendor/ni-file/src/kontakt/objects/modulation.rs:169	present	unverified (upstream unavailable)
vendor/ni-file/src/kontakt	PrivateRawObject	see dispatch; not declared	raw	tuple/unit (see source)	vendor/ni-file/src/kontakt/objects/private_raw_object.rs:13	present	unverified (upstream unavailable)
vendor/ni-file/src/kontakt	Program	0x80 .. 0xAF	raw	tuple/unit (see source)	vendor/ni-file/src/kontakt/objects/program.rs:18	present	unverified (upstream unavailable)
vendor/ni-file/src/kontakt	ProgramPublicParams	0x80 .. 0xAF	name	String	vendor/ni-file/src/kontakt/objects/program.rs:21	present	unverified (upstream unavailable)
vendor/ni-file/src/kontakt	ProgramPublicParams	0x80 .. 0xAF	num_bytes_samples_total	f64	vendor/ni-file/src/kontakt/objects/program.rs:23	present	unverified (upstream unavailable)
vendor/ni-file/src/kontakt	ProgramPublicParams	0x80 .. 0xAF	transpose	i8	vendor/ni-file/src/kontakt/objects/program.rs:24	present	unverified (upstream unavailable)
vendor/ni-file/src/kontakt	ProgramPublicParams	0x80 .. 0xAF	volume	f32	vendor/ni-file/src/kontakt/objects/program.rs:25	present	unverified (upstream unavailable)
vendor/ni-file/src/kontakt	ProgramPublicParams	0x80 .. 0xAF	pan	f32	vendor/ni-file/src/kontakt/objects/program.rs:26	present	unverified (upstream unavailable)
vendor/ni-file/src/kontakt	ProgramPublicParams	0x80 .. 0xAF	tune	f32	vendor/ni-file/src/kontakt/objects/program.rs:27	present	unverified (upstream unavailable)
vendor/ni-file/src/kontakt	ProgramPublicParams	0x80 .. 0xAF	low_velocity	u8	vendor/ni-file/src/kontakt/objects/program.rs:28	present	unverified (upstream unavailable)
vendor/ni-file/src/kontakt	ProgramPublicParams	0x80 .. 0xAF	high_velocity	u8	vendor/ni-file/src/kontakt/objects/program.rs:29	present	unverified (upstream unavailable)
vendor/ni-file/src/kontakt	ProgramPublicParams	0x80 .. 0xAF	low_key	u8	vendor/ni-file/src/kontakt/objects/program.rs:30	present	unverified (upstream unavailable)
vendor/ni-file/src/kontakt	ProgramPublicParams	0x80 .. 0xAF	high_key	u8	vendor/ni-file/src/kontakt/objects/program.rs:31	present	unverified (upstream unavailable)
vendor/ni-file/src/kontakt	ProgramPublicParams	0x80 .. 0xAF	default_key_switch	i16	vendor/ni-file/src/kontakt/objects/program.rs:32	present	unverified (upstream unavailable)
vendor/ni-file/src/kontakt	ProgramPublicParams	0x80 .. 0xAF	dfd_channel_preload_size	i32	vendor/ni-file/src/kontakt/objects/program.rs:33	present	unverified (upstream unavailable)
vendor/ni-file/src/kontakt	ProgramPublicParams	0x80 .. 0xAF	library_id	i32	vendor/ni-file/src/kontakt/objects/program.rs:34	present	unverified (upstream unavailable)
vendor/ni-file/src/kontakt	ProgramPublicParams	0x80 .. 0xAF	fingerprint	u32	vendor/ni-file/src/kontakt/objects/program.rs:35	present	unverified (upstream unavailable)
vendor/ni-file/src/kontakt	ProgramPublicParams	0x80 .. 0xAF	loading_flags	u32	vendor/ni-file/src/kontakt/objects/program.rs:36	present	unverified (upstream unavailable)
vendor/ni-file/src/kontakt	ProgramPublicParams	0x80 .. 0xAF	group_solo	bool	vendor/ni-file/src/kontakt/objects/program.rs:37	present	unverified (upstream unavailable)
vendor/ni-file/src/kontakt	ProgramPublicParams	0x80 .. 0xAF	cat_icon_idx	i32	vendor/ni-file/src/kontakt/objects/program.rs:38	present	unverified (upstream unavailable)
vendor/ni-file/src/kontakt	ProgramPublicParams	0x80 .. 0xAF	instrument_credits	String	vendor/ni-file/src/kontakt/objects/program.rs:39	present	unverified (upstream unavailable)
vendor/ni-file/src/kontakt	ProgramPublicParams	0x80 .. 0xAF	instrument_author	String	vendor/ni-file/src/kontakt/objects/program.rs:40	present	unverified (upstream unavailable)
vendor/ni-file/src/kontakt	ProgramPublicParams	0x80 .. 0xAF	instrument_url	String	vendor/ni-file/src/kontakt/objects/program.rs:41	present	unverified (upstream unavailable)
vendor/ni-file/src/kontakt	ProgramPublicParams	0x80 .. 0xAF	instrument_cat1	i16	vendor/ni-file/src/kontakt/objects/program.rs:42	present	unverified (upstream unavailable)
vendor/ni-file/src/kontakt	ProgramPublicParams	0x80 .. 0xAF	instrument_cat2	i16	vendor/ni-file/src/kontakt/objects/program.rs:43	present	unverified (upstream unavailable)
vendor/ni-file/src/kontakt	ProgramPublicParams	0x80 .. 0xAF	instrument_cat3	i16	vendor/ni-file/src/kontakt/objects/program.rs:44	present	unverified (upstream unavailable)
vendor/ni-file/src/kontakt	ProgramPublicParams	0x80 .. 0xAF	resource_container_filename	Option<i32>	vendor/ni-file/src/kontakt/objects/program.rs:45	present	unverified (upstream unavailable)
vendor/ni-file/src/kontakt	ProgramPublicParams	0x80 .. 0xAF	wallpaper_filename	Option<i32>	vendor/ni-file/src/kontakt/objects/program.rs:46	present	unverified (upstream unavailable)
vendor/ni-file/src/kontakt	ProgramContainer	0x50, 0x51	raw	tuple/unit (see source)	vendor/ni-file/src/kontakt/objects/program_container.rs:22	present	unverified (upstream unavailable)
vendor/ni-file/src/kontakt	PrivParsV80	see dispatch; not declared	raw	tuple/unit (see source)	vendor/ni-file/src/kontakt/objects/program_data.rs:4	present	unverified (upstream unavailable)
vendor/ni-file/src/kontakt	ProgramList	see dispatch; not declared	programs	Vec<Program>	vendor/ni-file/src/kontakt/objects/program_list.rs:20	present	unverified (upstream unavailable)
vendor/ni-file/src/kontakt	QuickBrowseData	0x1	raw	tuple/unit (see source)	vendor/ni-file/src/kontakt/objects/quick_browse_data.rs:22	present	unverified (upstream unavailable)
vendor/ni-file/src/kontakt	QuickBrowseDataParams	0x1	unknown	i32	vendor/ni-file/src/kontakt/objects/quick_browse_data.rs:25	present	unverified (upstream unavailable)
vendor/ni-file/src/kontakt	SaveSettings	0x10	raw	tuple/unit (see source)	vendor/ni-file/src/kontakt/objects/save_settings.rs:15	present	unverified (upstream unavailable)
vendor/ni-file/src/kontakt	SlotList	/// Kontakt 7:      BBank::readSlotList()	slots	HashMap<u16, ProgramContainer>	vendor/ni-file/src/kontakt/objects/slot_list.rs:25	present	unverified (upstream unavailable)
vendor/ni-file/src/kontakt	Snapshot	see dispatch; not declared	groups	Option<Chunk>	vendor/ni-file/src/kontakt/objects/snapshot.rs:15	present	unverified (upstream unavailable)
vendor/ni-file/src/kontakt	Snapshot	see dispatch; not declared	version	u16	vendor/ni-file/src/kontakt/objects/snapshot.rs:16	present	unverified (upstream unavailable)
vendor/ni-file/src/kontakt	Snapshot	see dispatch; not declared	group_count	u32	vendor/ni-file/src/kontakt/objects/snapshot.rs:17	present	unverified (upstream unavailable)
vendor/ni-file/src/kontakt	Snapshot	see dispatch; not declared	effect_children	Vec<Chunk>	vendor/ni-file/src/kontakt/objects/snapshot.rs:18	present	unverified (upstream unavailable)
vendor/ni-file/src/kontakt	Snapshot	see dispatch; not declared	persistent	Vec<Vec<String>>	vendor/ni-file/src/kontakt/objects/snapshot.rs:20	present	unverified (upstream unavailable)
vendor/ni-file/src/kontakt	GroupSnapshot	see dispatch; not declared	version	u16	vendor/ni-file/src/kontakt/objects/snapshot_group.rs:9	present	unverified (upstream unavailable)
vendor/ni-file/src/kontakt	GroupSnapshot	see dispatch; not declared	public_data	[u8; 24]	vendor/ni-file/src/kontakt/objects/snapshot_group.rs:11	present	unverified (upstream unavailable)
vendor/ni-file/src/kontakt	GroupSnapshot	see dispatch; not declared	source_data	Vec<u8>	vendor/ni-file/src/kontakt/objects/snapshot_group.rs:12	present	unverified (upstream unavailable)
vendor/ni-file/src/kontakt	GroupSnapshot	see dispatch; not declared	fx	BParamArrayBParFX8	vendor/ni-file/src/kontakt/objects/snapshot_group.rs:13	present	unverified (upstream unavailable)
vendor/ni-file/src/kontakt	GroupSnapshot	see dispatch; not declared	internal	BParamArrayBParFX8	vendor/ni-file/src/kontakt/objects/snapshot_group.rs:14	present	unverified (upstream unavailable)
vendor/ni-file/src/kontakt	GroupSnapshot	see dispatch; not declared	external	BParamArrayBParFX8	vendor/ni-file/src/kontakt/objects/snapshot_group.rs:15	present	unverified (upstream unavailable)
vendor/ni-file/src/kontakt	GroupSnapshot	see dispatch; not declared	trailing_flag	u8	vendor/ni-file/src/kontakt/objects/snapshot_group.rs:16	present	unverified (upstream unavailable)
vendor/ni-file/src/kontakt	GroupSnapshot	see dispatch; not declared	trailing_data	Vec<u8>	vendor/ni-file/src/kontakt/objects/snapshot_group.rs:18	present	unverified (upstream unavailable)
vendor/ni-file/src/kontakt	BParSrcMode	0x100, 0x101, 0x102, 0x103, 0x104	raw	tuple/unit (see source)	vendor/ni-file/src/kontakt/objects/src_mode.rs:9	present	unverified (upstream unavailable)
vendor/ni-file/src/kontakt	StartCriteria	see dispatch; not declared	raw	tuple/unit (see source)	vendor/ni-file/src/kontakt/objects/start_criteria.rs:17	present	unverified (upstream unavailable)
vendor/ni-file/src/kontakt	StartCriteriaParams	see dispatch; not declared	mode	i32	vendor/ni-file/src/kontakt/objects/start_criteria.rs:23	present	unverified (upstream unavailable)
vendor/ni-file/src/kontakt	StartCriteriaParams	see dispatch; not declared	next_criteria	i32	vendor/ni-file/src/kontakt/objects/start_criteria.rs:24	present	unverified (upstream unavailable)
vendor/ni-file/src/kontakt	StartCriteriaParams	see dispatch; not declared	key_min	i16	vendor/ni-file/src/kontakt/objects/start_criteria.rs:25	present	unverified (upstream unavailable)
vendor/ni-file/src/kontakt	StartCriteriaParams	see dispatch; not declared	key_max	i16	vendor/ni-file/src/kontakt/objects/start_criteria.rs:26	present	unverified (upstream unavailable)
vendor/ni-file/src/kontakt	StartCriteriaParams	see dispatch; not declared	controller	i16	vendor/ni-file/src/kontakt/objects/start_criteria.rs:27	present	unverified (upstream unavailable)
vendor/ni-file/src/kontakt	StartCriteriaParams	see dispatch; not declared	cc_min	i16	vendor/ni-file/src/kontakt/objects/start_criteria.rs:28	present	unverified (upstream unavailable)
vendor/ni-file/src/kontakt	StartCriteriaParams	see dispatch; not declared	cc_max	i16	vendor/ni-file/src/kontakt/objects/start_criteria.rs:29	present	unverified (upstream unavailable)
vendor/ni-file/src/kontakt	StartCriteriaParams	see dispatch; not declared	cycle_class	i32	vendor/ni-file/src/kontakt/objects/start_criteria.rs:30	present	unverified (upstream unavailable)
vendor/ni-file/src/kontakt	StartCriteriaParams	see dispatch; not declared	slice_zone_idx	i32	vendor/ni-file/src/kontakt/objects/start_criteria.rs:31	present	unverified (upstream unavailable)
vendor/ni-file/src/kontakt	StartCriteriaParams	see dispatch; not declared	slice_zone_slice_idx	i32	vendor/ni-file/src/kontakt/objects/start_criteria.rs:32	present	unverified (upstream unavailable)
vendor/ni-file/src/kontakt	StartCriteriaParams	see dispatch; not declared	sequencer_only	bool	vendor/ni-file/src/kontakt/objects/start_criteria.rs:33	present	unverified (upstream unavailable)
vendor/ni-file/src/kontakt	StartCriteriaList	see dispatch; not declared	mask	u8	vendor/ni-file/src/kontakt/objects/start_criteria_list.rs:25	present	unverified (upstream unavailable)
vendor/ni-file/src/kontakt	StartCriteriaList	see dispatch; not declared	items	Vec<StartCriteriaParams>	vendor/ni-file/src/kontakt/objects/start_criteria_list.rs:26	present	unverified (upstream unavailable)
vendor/ni-file/src/kontakt	StartCriteriaList	see dispatch; not declared	unknown_tail	Vec<u8>	vendor/ni-file/src/kontakt/objects/start_criteria_list.rs:29	present	unverified (upstream unavailable)
vendor/ni-file/src/kontakt	VoiceGroup	see dispatch; not declared	raw	tuple/unit (see source)	vendor/ni-file/src/kontakt/objects/voice_group.rs:12	present	unverified (upstream unavailable)
vendor/ni-file/src/kontakt	VoiceGroups	0x60	voice_limit	VoiceLimit	vendor/ni-file/src/kontakt/objects/voice_groups.rs:21	present	unverified (upstream unavailable)
vendor/ni-file/src/kontakt	VoiceGroups	0x60	groups	Vec<Option<VoiceGroup>>	vendor/ni-file/src/kontakt/objects/voice_groups.rs:23	present	unverified (upstream unavailable)
vendor/ni-file/src/kontakt	Zone	see dispatch; not declared	raw	tuple/unit (see source)	vendor/ni-file/src/kontakt/objects/zone_data.rs:6	present	unverified (upstream unavailable)
vendor/ni-file/src/kontakt	ZoneParams	see dispatch; not declared	sample_start	i32	vendor/ni-file/src/kontakt/objects/zone_data.rs:12	present	unverified (upstream unavailable)
vendor/ni-file/src/kontakt	ZoneParams	see dispatch; not declared	sample_end	i32	vendor/ni-file/src/kontakt/objects/zone_data.rs:14	present	unverified (upstream unavailable)
vendor/ni-file/src/kontakt	ZoneParams	see dispatch; not declared	sample_start_mod_range	i32	vendor/ni-file/src/kontakt/objects/zone_data.rs:15	present	unverified (upstream unavailable)
vendor/ni-file/src/kontakt	ZoneParams	see dispatch; not declared	low_velocity	i16	vendor/ni-file/src/kontakt/objects/zone_data.rs:16	present	unverified (upstream unavailable)
vendor/ni-file/src/kontakt	ZoneParams	see dispatch; not declared	high_velocity	i16	vendor/ni-file/src/kontakt/objects/zone_data.rs:17	present	unverified (upstream unavailable)
vendor/ni-file/src/kontakt	ZoneParams	see dispatch; not declared	low_key	i16	vendor/ni-file/src/kontakt/objects/zone_data.rs:18	present	unverified (upstream unavailable)
vendor/ni-file/src/kontakt	ZoneParams	see dispatch; not declared	high_key	i16	vendor/ni-file/src/kontakt/objects/zone_data.rs:19	present	unverified (upstream unavailable)
vendor/ni-file/src/kontakt	ZoneParams	see dispatch; not declared	fade_low_velocity	i16	vendor/ni-file/src/kontakt/objects/zone_data.rs:20	present	unverified (upstream unavailable)
vendor/ni-file/src/kontakt	ZoneParams	see dispatch; not declared	fade_high_velocity	i16	vendor/ni-file/src/kontakt/objects/zone_data.rs:21	present	unverified (upstream unavailable)
vendor/ni-file/src/kontakt	ZoneParams	see dispatch; not declared	fade_low_key	i16	vendor/ni-file/src/kontakt/objects/zone_data.rs:22	present	unverified (upstream unavailable)
vendor/ni-file/src/kontakt	ZoneParams	see dispatch; not declared	fade_high_key	i16	vendor/ni-file/src/kontakt/objects/zone_data.rs:23	present	unverified (upstream unavailable)
vendor/ni-file/src/kontakt	ZoneParams	see dispatch; not declared	root_key	i16	vendor/ni-file/src/kontakt/objects/zone_data.rs:24	present	unverified (upstream unavailable)
vendor/ni-file/src/kontakt	ZoneParams	see dispatch; not declared	zone_volume	f32	vendor/ni-file/src/kontakt/objects/zone_data.rs:25	present	unverified (upstream unavailable)
vendor/ni-file/src/kontakt	ZoneParams	see dispatch; not declared	zone_pan	f32	vendor/ni-file/src/kontakt/objects/zone_data.rs:26	present	unverified (upstream unavailable)
vendor/ni-file/src/kontakt	ZoneParams	see dispatch; not declared	zone_tune	f32	vendor/ni-file/src/kontakt/objects/zone_data.rs:27	present	unverified (upstream unavailable)
vendor/ni-file/src/kontakt	ZoneParams	see dispatch; not declared	filename_id	i32	vendor/ni-file/src/kontakt/objects/zone_data.rs:29	present	unverified (upstream unavailable)
vendor/ni-file/src/kontakt	ZoneParams	see dispatch; not declared	sample_data_type	i32	vendor/ni-file/src/kontakt/objects/zone_data.rs:30	present	unverified (upstream unavailable)
vendor/ni-file/src/kontakt	ZoneParams	see dispatch; not declared	sample_rate	i32	vendor/ni-file/src/kontakt/objects/zone_data.rs:31	present	unverified (upstream unavailable)
vendor/ni-file/src/kontakt	ZoneParams	see dispatch; not declared	num_channels	u8	vendor/ni-file/src/kontakt/objects/zone_data.rs:32	present	unverified (upstream unavailable)
vendor/ni-file/src/kontakt	ZoneParams	see dispatch; not declared	num_frames	i32	vendor/ni-file/src/kontakt/objects/zone_data.rs:33	present	unverified (upstream unavailable)
vendor/ni-file/src/kontakt	ZoneParams	see dispatch; not declared	reserved1	i32	vendor/ni-file/src/kontakt/objects/zone_data.rs:34	present	unverified (upstream unavailable)
vendor/ni-file/src/kontakt	ZoneParams	see dispatch; not declared	reserved2	Option<i32>	vendor/ni-file/src/kontakt/objects/zone_data.rs:35	present	unverified (upstream unavailable)
vendor/ni-file/src/kontakt	ZoneParams	see dispatch; not declared	root_note	i32	vendor/ni-file/src/kontakt/objects/zone_data.rs:36	present	unverified (upstream unavailable)
vendor/ni-file/src/kontakt	ZoneParams	see dispatch; not declared	tuning	f32	vendor/ni-file/src/kontakt/objects/zone_data.rs:37	present	unverified (upstream unavailable)
vendor/ni-file/src/kontakt	ZoneParams	see dispatch; not declared	reserved3	bool	vendor/ni-file/src/kontakt/objects/zone_data.rs:38	present	unverified (upstream unavailable)
vendor/ni-file/src/kontakt	ZoneParams	see dispatch; not declared	reserved4	i32	vendor/ni-file/src/kontakt/objects/zone_data.rs:39	present	unverified (upstream unavailable)
vendor/ni-file/src/kontakt	KontaktPatch	see dispatch; not declared	header	BPatchHeaderV42	vendor/ni-file/src/kontakt/patch.rs:11	present	unverified (upstream unavailable)
vendor/ni-file/src/kontakt	KontaktPatch	see dispatch; not declared	data	Vec<u8>	vendor/ni-file/src/kontakt/patch.rs:13	present	unverified (upstream unavailable)
vendor/ni-file/src/kontakt	KontaktV1	see dispatch; not declared	preset	XMLDocument	vendor/ni-file/src/kontakt/schemas/kon1.rs:6	present	unverified (upstream unavailable)
vendor/ni-file/src/kontakt	KontaktV2	see dispatch; not declared	preset	XMLDocument	vendor/ni-file/src/kontakt/schemas/kon2.rs:7	present	unverified (upstream unavailable)
vendor/ni-file/src/kontakt	KontaktV42	see dispatch; not declared	program	Program	vendor/ni-file/src/kontakt/schemas/kon4.rs:20	present	unverified (upstream unavailable)
vendor/ni-file/src/kontakt	KontaktV42	see dispatch; not declared	filetable	FileNameListPreK51	vendor/ni-file/src/kontakt/schemas/kon4.rs:22	present	unverified (upstream unavailable)
vendor/ni-file/src/kontakt	Kon5	see dispatch; not declared	program	Program	vendor/ni-file/src/kontakt/schemas/kon5.rs:24	present	unverified (upstream unavailable)
vendor/ni-file/src/kontakt	Kon5	see dispatch; not declared	filetable	FNTableImpl	vendor/ni-file/src/kontakt/schemas/kon5.rs:26	present	unverified (upstream unavailable)
vendor/ni-file/src/kontakt	Kon6	see dispatch; not declared	program	Program	vendor/ni-file/src/kontakt/schemas/kon6.rs:24	present	unverified (upstream unavailable)
vendor/ni-file/src/kontakt	Kon6	see dispatch; not declared	filetable	FNTableImpl	vendor/ni-file/src/kontakt/schemas/kon6.rs:26	present	unverified (upstream unavailable)
vendor/ni-file/src/kontakt	Kon7	see dispatch; not declared	program	Program	vendor/ni-file/src/kontakt/schemas/kon7.rs:25	present	unverified (upstream unavailable)
vendor/ni-file/src/kontakt	Kon7	see dispatch; not declared	filetable	FNTableImpl	vendor/ni-file/src/kontakt/schemas/kon7.rs:27	present	unverified (upstream unavailable)
vendor/ni-file/src/kontakt	KontaktMulti	see dispatch; not declared	bank	Bank	vendor/ni-file/src/kontakt/schemas/multi.rs:11	present	unverified (upstream unavailable)
vendor/ni-file/src/kontakt	KontaktMulti	see dispatch; not declared	filetable	FNTableImpl	vendor/ni-file/src/kontakt/schemas/multi.rs:13	present	unverified (upstream unavailable)
vendor/ni-file/src/kontakt	XMLDocument	see dispatch; not declared	raw	tuple/unit (see source)	vendor/ni-file/src/kontakt/schemas/xml.rs:8	present	unverified (upstream unavailable)
vendor/ni-file/src/kontakt	StructuredObject	see dispatch; not declared	version	u16	vendor/ni-file/src/kontakt/structured_object.rs:9	present	unverified (upstream unavailable)
vendor/ni-file/src/kontakt	StructuredObject	see dispatch; not declared	public_data	Vec<u8>	vendor/ni-file/src/kontakt/structured_object.rs:11	present	unverified (upstream unavailable)
vendor/ni-file/src/kontakt	StructuredObject	see dispatch; not declared	private_data	Vec<u8>	vendor/ni-file/src/kontakt/structured_object.rs:12	present	unverified (upstream unavailable)
vendor/ni-file/src/kontakt	StructuredObject	see dispatch; not declared	children	Vec<Chunk>	vendor/ni-file/src/kontakt/structured_object.rs:13	present	unverified (upstream unavailable)
vendor/ni-file/src/nis	ItemContainer	see dispatch; not declared	header	ItemHeader	vendor/ni-file/src/nis/container/container.rs:9	present	unverified (upstream unavailable)
vendor/ni-file/src/nis	ItemContainer	see dispatch; not declared	data	ItemData	vendor/ni-file/src/nis/container/container.rs:11	present	unverified (upstream unavailable)
vendor/ni-file/src/nis	ItemContainer	see dispatch; not declared	children	Vec<ItemContainer>	vendor/ni-file/src/nis/container/container.rs:12	present	unverified (upstream unavailable)
vendor/ni-file/src/nis	ItemContainer	see dispatch; not declared	child_headers	Vec<[u8; 12]>	vendor/ni-file/src/nis/container/container.rs:14	present	unverified (upstream unavailable)
vendor/ni-file/src/nis	ItemContainer	see dispatch; not declared	trailing_data	Vec<u8>	vendor/ni-file/src/nis/container/container.rs:16	present	unverified (upstream unavailable)
vendor/ni-file/src/nis	ItemDataHeader	see dispatch; not declared	length	u64	vendor/ni-file/src/nis/container/data/item_data_header.rs:5	present	unverified (upstream unavailable)
vendor/ni-file/src/nis	ItemDataHeader	see dispatch; not declared	domain_id	[u8; 4]	vendor/ni-file/src/nis/container/data/item_data_header.rs:7	present	unverified (upstream unavailable)
vendor/ni-file/src/nis	ItemDataHeader	see dispatch; not declared	item_id	u32	vendor/ni-file/src/nis/container/data/item_data_header.rs:8	present	unverified (upstream unavailable)
vendor/ni-file/src/nis	ItemDataHeader	see dispatch; not declared	version	u32	vendor/ni-file/src/nis/container/data/item_data_header.rs:9	present	unverified (upstream unavailable)
vendor/ni-file/src/nis	ItemData	see dispatch; not declared	header	ItemDataHeader	vendor/ni-file/src/nis/container/data/mod.rs:11	present	unverified (upstream unavailable)
vendor/ni-file/src/nis	ItemData	see dispatch; not declared	inner	Option<Box<ItemData>>	vendor/ni-file/src/nis/container/data/mod.rs:13	present	unverified (upstream unavailable)
vendor/ni-file/src/nis	ItemData	see dispatch; not declared	data	Vec<u8>	vendor/ni-file/src/nis/container/data/mod.rs:14	present	unverified (upstream unavailable)
vendor/ni-file/src/nis	ItemHeader	see dispatch; not declared	length	u64	vendor/ni-file/src/nis/container/header.rs:17	present	unverified (upstream unavailable)
vendor/ni-file/src/nis	ItemHeader	see dispatch; not declared	magic	Vec<u8>	vendor/ni-file/src/nis/container/header.rs:19	present	unverified (upstream unavailable)
vendor/ni-file/src/nis	ItemHeader	see dispatch; not declared	header_flags	u32	vendor/ni-file/src/nis/container/header.rs:20	present	unverified (upstream unavailable)
vendor/ni-file/src/nis	ItemHeader	see dispatch; not declared	reserved	u32	vendor/ni-file/src/nis/container/header.rs:22	present	unverified (upstream unavailable)
vendor/ni-file/src/nis	ItemHeader	see dispatch; not declared	uuid	Vec<u8>	vendor/ni-file/src/nis/container/header.rs:26	present	unverified (upstream unavailable)
vendor/ni-file/src/nis	AppSpecificItem	see dispatch; not declared	raw	tuple/unit (see source)	vendor/ni-file/src/nis/items/app_specific.rs:8	present	unverified (upstream unavailable)
vendor/ni-file/src/nis	PresetContainer	see dispatch; not declared	raw	tuple/unit (see source)	vendor/ni-file/src/nis/items/preset.rs:7	present	unverified (upstream unavailable)
vendor/ni-file/src/nis	RepositoryRootContainer	see dispatch; not declared	raw	tuple/unit (see source)	vendor/ni-file/src/nis/items/repository_root.rs:8	present	unverified (upstream unavailable)
vendor/ni-file/src/nis	SubtreeItemItem	see dispatch; not declared	raw	tuple/unit (see source)	vendor/ni-file/src/nis/items/subtree.rs:6	present	unverified (upstream unavailable)
vendor/ni-file/src/nis	AppSpecificProperties	see dispatch; not declared	subtree_item	SubtreeItem	vendor/ni-file/src/nis/properties/app_specific.rs:15	present	unverified (upstream unavailable)
vendor/ni-file/src/nis	AppSpecificProperties	see dispatch; not declared	authoring_app	AuthoringApplication	vendor/ni-file/src/nis/properties/app_specific.rs:17	present	unverified (upstream unavailable)
vendor/ni-file/src/nis	AppSpecificProperties	see dispatch; not declared	version	String	vendor/ni-file/src/nis/properties/app_specific.rs:18	present	unverified (upstream unavailable)
vendor/ni-file/src/nis	Bank	see dispatch; not declared	raw	tuple/unit (see source)	vendor/ni-file/src/nis/properties/bank.rs:7	present	unverified (upstream unavailable)
vendor/ni-file/src/nis	BNISoundHeader	see dispatch; not declared	raw	tuple/unit (see source)	vendor/ni-file/src/nis/properties/bni_sound_header.rs:12	present	unverified (upstream unavailable)
vendor/ni-file/src/nis	BNISoundPresetProperties	see dispatch; not declared	preset	Preset	vendor/ni-file/src/nis/properties/bni_sound_preset.rs:13	present	unverified (upstream unavailable)
vendor/ni-file/src/nis	EncryptionItem	see dispatch; not declared	subtree	SubtreeItem	vendor/ni-file/src/nis/properties/encryption_item.rs:13	present	unverified (upstream unavailable)
vendor/ni-file/src/nis	EncryptionItem	see dispatch; not declared	is_encrypted	bool	vendor/ni-file/src/nis/properties/encryption_item.rs:15	present	unverified (upstream unavailable)
vendor/ni-file/src/nis	Preset	see dispatch; not declared	is_factory_preset	bool	vendor/ni-file/src/nis/properties/preset.rs:25	present	unverified (upstream unavailable)
vendor/ni-file/src/nis	Preset	see dispatch; not declared	authoring_app	AuthoringApplication	vendor/ni-file/src/nis/properties/preset.rs:27	present	unverified (upstream unavailable)
vendor/ni-file/src/nis	Preset	see dispatch; not declared	version	String	vendor/ni-file/src/nis/properties/preset.rs:28	present	unverified (upstream unavailable)
vendor/ni-file/src/nis	PresetChunkItemProperties	see dispatch; not declared	raw	tuple/unit (see source)	vendor/ni-file/src/nis/properties/preset_chunk_item.rs:11	present	unverified (upstream unavailable)
vendor/ni-file/src/nis	RepositoryRoot	see dispatch; not declared	nisound_version	RepositoryVersion	vendor/ni-file/src/nis/properties/repository_root.rs:11	present	unverified (upstream unavailable)
vendor/ni-file/src/nis	RepositoryRoot	see dispatch; not declared	repository_magic	u32	vendor/ni-file/src/nis/properties/repository_root.rs:14	present	unverified (upstream unavailable)
vendor/ni-file/src/nis	RepositoryRoot	see dispatch; not declared	repository_type	u32	vendor/ni-file/src/nis/properties/repository_root.rs:16	present	unverified (upstream unavailable)
vendor/ni-file/src/nis	RepositoryRoot	see dispatch; not declared	segments	Vec<String>	vendor/ni-file/src/nis/properties/repository_root.rs:17	present	unverified (upstream unavailable)
vendor/ni-file/src/nis	RepositoryVersion	see dispatch; not declared	major	u32	vendor/ni-file/src/nis/properties/repository_root.rs:21	present	unverified (upstream unavailable)
vendor/ni-file/src/nis	RepositoryVersion	see dispatch; not declared	minor	u32	vendor/ni-file/src/nis/properties/repository_root.rs:23	present	unverified (upstream unavailable)
vendor/ni-file/src/nis	RepositoryVersion	see dispatch; not declared	patch	u32	vendor/ni-file/src/nis/properties/repository_root.rs:24	present	unverified (upstream unavailable)
vendor/ni-file/src/nis	SubtreeItem	see dispatch; not declared	inner_data	Vec<u8>	vendor/ni-file/src/nis/properties/subtree_item.rs:54	present	unverified (upstream unavailable)
vendor/ni-file/src/nis	AppSpecific	see dispatch; not declared	raw	tuple/unit (see source)	vendor/ni-file/src/nis/schema/app_specific.rs:4	present	unverified (upstream unavailable)
vendor/ni-file/src/nis	BNISoundPreset	see dispatch; not declared	raw	tuple/unit (see source)	vendor/ni-file/src/nis/schema/bni_sound_preset.rs:10	present	unverified (upstream unavailable)
vendor/ni-file/src/nis	Preset	see dispatch; not declared	raw	tuple/unit (see source)	vendor/ni-file/src/nis/schema/preset.rs:4	present	unverified (upstream unavailable)
vendor/ni-file/src/nis	PresetChunkItem	see dispatch; not declared	raw	tuple/unit (see source)	vendor/ni-file/src/nis/schema/preset_chunk_item.rs:7	present	unverified (upstream unavailable)
vendor/ni-file/src/nis	Repository	see dispatch; not declared	raw	tuple/unit (see source)	vendor/ni-file/src/nis/schema/repository.rs:9	present	unverified (upstream unavailable)
vendor/ni-file/src/nis	BNISoundPresetContainer	see dispatch; not declared	raw	tuple/unit (see source)	vendor/ni-file/src/nis/schemas/kontakt.rs:70	present	unverified (upstream unavailable)
vendor/ni-file/src/nis	PresetContainer	see dispatch; not declared	raw	tuple/unit (see source)	vendor/ni-file/src/nis/schemas/preset_container.rs:4	present	unverified (upstream unavailable)
vendor/ni-file/src/nis	Repository	see dispatch; not declared	raw	tuple/unit (see source)	vendor/ni-file/src/nis/schemas/repository.rs:15	present	unverified (upstream unavailable)
vendor/ni-file/src/nks	NKSContainer	see dispatch; not declared	header	BPatchHeader	vendor/ni-file/src/nks/container.rs:18	present	unverified (upstream unavailable)
vendor/ni-file/src/nks	NKSContainer	see dispatch; not declared	compressed_data	Vec<u8>	vendor/ni-file/src/nks/container.rs:20	present	unverified (upstream unavailable)
vendor/ni-file/src/nks	NKSContainer	see dispatch; not declared	meta_info	Option<BPatchMetaInfoHeader>	vendor/ni-file/src/nks/container.rs:21	present	unverified (upstream unavailable)
vendor/ni-file/src/nkr	Entry	see dispatch; not declared	name	String	vendor/ni-file/src/nkr/archive.rs:10	present	unverified (upstream unavailable)
vendor/ni-file/src/nkr	Entry	see dispatch; not declared	header_offset	u64	vendor/ni-file/src/nkr/archive.rs:12	present	unverified (upstream unavailable)
vendor/ni-file/src/nkr	Entry	see dispatch; not declared	issue	Option<&'static str>	vendor/ni-file/src/nkr/archive.rs:13	present	unverified (upstream unavailable)
vendor/ni-file/src/nkr	Entry	see dispatch; not declared	offset	u64	vendor/ni-file/src/nkr/archive.rs:14	present	unverified (upstream unavailable)
vendor/ni-file/src/nkr	Entry	see dispatch; not declared	size	u64	vendor/ni-file/src/nkr/archive.rs:15	present	unverified (upstream unavailable)
vendor/ni-file/src/nkr	Entry	see dispatch; not declared	encoded	bool	vendor/ni-file/src/nkr/archive.rs:16	present	unverified (upstream unavailable)
vendor/ni-file/src/nkr	Entry	see dispatch; not declared	key_index	u32	vendor/ni-file/src/nkr/archive.rs:17	present	unverified (upstream unavailable)
vendor/ni-file/src/nkr	Entry	see dispatch; not declared	valid	bool	vendor/ni-file/src/nkr/archive.rs:18	present	unverified (upstream unavailable)
vendor/ni-file/src/nkr	Entry	see dispatch; not declared	checked	bool	vendor/ni-file/src/nkr/archive.rs:20	present	unverified (upstream unavailable)
vendor/ni-file/src/nkr	Archive	see dispatch; not declared	entries	HashMap<String, Entry>	vendor/ni-file/src/nkr/archive.rs:23	present	unverified (upstream unavailable)
vendor/ni-file/src/nkr	Archive	see dispatch; not declared	length	u64	vendor/ni-file/src/nkr/archive.rs:26	present	unverified (upstream unavailable)
vendor/ni-file/src/nkr	Archive	see dispatch; not declared	issues	Vec<String>	vendor/ni-file/src/nkr/archive.rs:27	present	unverified (upstream unavailable)
vendor/ni-file/src/file_container	NIFileContainer	see dispatch; not declared	file_section_offset	u64	vendor/ni-file/src/file_container/mod.rs:9	present	unverified (upstream unavailable)
vendor/ni-file/src/file_container	NIFileContainer	see dispatch; not declared	items	Vec<FileContainerItem>	vendor/ni-file/src/file_container/mod.rs:11	present	unverified (upstream unavailable)
vendor/ni-file/src/file_container	FileContainerItem	see dispatch; not declared	index	u64	vendor/ni-file/src/file_container/mod.rs:14	present	unverified (upstream unavailable)
vendor/ni-file/src/file_container	FileContainerItem	see dispatch; not declared	filename	String	vendor/ni-file/src/file_container/mod.rs:16	present	unverified (upstream unavailable)
vendor/ni-file/src/file_container	FileContainerItem	see dispatch; not declared	file_start_offset	u64	vendor/ni-file/src/file_container/mod.rs:17	present	unverified (upstream unavailable)
vendor/ni-file/src/file_container	FileContainerItem	see dispatch; not declared	file_size	u64	vendor/ni-file/src/file_container/mod.rs:18	present	unverified (upstream unavailable)
crates/sampler-kontakt/src	Multi	see dispatch; not declared	programs	Vec<(u16, ni_file::kontakt::objects::Program)>	crates/sampler-kontakt/src/container.rs:13	absent	unverified (upstream unavailable)
crates/sampler-kontakt/src	Multi	see dispatch; not declared	sample_names	Vec<String>	crates/sampler-kontakt/src/container.rs:15	absent	unverified (upstream unavailable)
crates/sampler-kontakt/src	Detected	see dispatch; not declared	keys	Vec<(u8, Option<String>)>	crates/sampler-kontakt/src/keyswitch.rs:33	absent	unverified (upstream unavailable)
crates/sampler-kontakt/src	Detected	see dispatch; not declared	default	Option<u8>	crates/sampler-kontakt/src/keyswitch.rs:35	absent	unverified (upstream unavailable)
crates/sampler-kontakt/src	Detected	see dispatch; not declared	unmapped	Vec<String>	crates/sampler-kontakt/src/keyswitch.rs:37	absent	unverified (upstream unavailable)
crates/sampler-kontakt/src	Limits	see dispatch; not declared	bytes	usize	crates/sampler-kontakt/src/lib.rs:224	absent	unverified (upstream unavailable)
crates/sampler-kontakt/src	Limits	see dispatch; not declared	records	usize	crates/sampler-kontakt/src/lib.rs:226	absent	unverified (upstream unavailable)
crates/sampler-kontakt/src	Error	see dispatch; not declared	offset	usize	crates/sampler-kontakt/src/lib.rs:247	absent	unverified (upstream unavailable)
crates/sampler-kontakt/src	Error	see dispatch; not declared	kind	ErrorKind	crates/sampler-kontakt/src/lib.rs:249	absent	unverified (upstream unavailable)
crates/sampler-kontakt/src	Chunks	see dispatch; not declared	raw	tuple/unit (see source)	crates/sampler-kontakt/src/lib.rs:421	absent	unverified (upstream unavailable)
crates/sampler-kontakt/src	Chunk	see dispatch; not declared	id	u16	crates/sampler-kontakt/src/lib.rs:459	absent	unverified (upstream unavailable)
crates/sampler-kontakt/src	Chunk	see dispatch; not declared	body	Bytes<'a>	crates/sampler-kontakt/src/lib.rs:461	absent	unverified (upstream unavailable)
crates/sampler-kontakt/src	Structured	see dispatch; not declared	is_structured	bool	crates/sampler-kontakt/src/lib.rs:516	absent	unverified (upstream unavailable)
crates/sampler-kontakt/src	Structured	see dispatch; not declared	version	u16	crates/sampler-kontakt/src/lib.rs:518	absent	unverified (upstream unavailable)
crates/sampler-kontakt/src	Structured	see dispatch; not declared	private	Bytes<'a>	crates/sampler-kontakt/src/lib.rs:519	absent	unverified (upstream unavailable)
crates/sampler-kontakt/src	Structured	see dispatch; not declared	public	Bytes<'a>	crates/sampler-kontakt/src/lib.rs:520	absent	unverified (upstream unavailable)
crates/sampler-kontakt/src	Record	see dispatch; not declared	group	Option<u32>	crates/sampler-kontakt/src/lib.rs:537	absent	unverified (upstream unavailable)
crates/sampler-kontakt/src	Record	see dispatch; not declared	object	Structured<'a>	crates/sampler-kontakt/src/lib.rs:538	absent	unverified (upstream unavailable)
crates/sampler-kontakt/src	Kontakt	see dispatch; not declared	instrument	ir::Instrument	crates/sampler-kontakt/src/library.rs:32	absent	unverified (upstream unavailable)
crates/sampler-kontakt/src	Kontakt	see dispatch; not declared	locations	Vec<PathBuf>	crates/sampler-kontakt/src/library.rs:35	absent	unverified (upstream unavailable)
crates/sampler-kontakt/src	Kontakt	see dispatch; not declared	samples	Samples	crates/sampler-kontakt/src/library.rs:36	absent	unverified (upstream unavailable)
crates/sampler-kontakt/src	Options	see dispatch; not declared	rate	u32	crates/sampler-kontakt/src/load.rs:14	absent	unverified (upstream unavailable)
crates/sampler-kontakt/src	Options	see dispatch; not declared	keys	RangeInclusive<u8>	crates/sampler-kontakt/src/load.rs:16	absent	unverified (upstream unavailable)
crates/sampler-kontakt/src	Options	see dispatch; not declared	scripts	bool	crates/sampler-kontakt/src/load.rs:18	absent	unverified (upstream unavailable)
crates/sampler-kontakt/src	Options	see dispatch; not declared	library	Option<std::path::PathBuf>	crates/sampler-kontakt/src/load.rs:21	absent	unverified (upstream unavailable)
crates/sampler-kontakt/src	Options	see dispatch; not declared	mpe	Option<sampler_core::lower::MpeDefaults>	crates/sampler-kontakt/src/load.rs:24	absent	unverified (upstream unavailable)
crates/sampler-kontakt/src	Options	see dispatch; not declared	dynamics_start	Option<u8>	crates/sampler-kontakt/src/load.rs:28	absent	unverified (upstream unavailable)
crates/sampler-kontakt/src	Loaded	see dispatch; not declared	instrument	ir::Instrument	crates/sampler-kontakt/src/load.rs:61	absent	unverified (upstream unavailable)
crates/sampler-kontakt/src	Loaded	see dispatch; not declared	plan	Prepared	crates/sampler-kontakt/src/load.rs:62	absent	unverified (upstream unavailable)
crates/sampler-kontakt/src	Loaded	see dispatch; not declared	interfaces	Vec<sampler_ui_ir::Interface>	crates/sampler-kontakt/src/load.rs:65	absent	unverified (upstream unavailable)
crates/sampler-kontakt/src	Loaded	see dispatch; not declared	scripts	Vec<sampler_ksp::ScriptView>	crates/sampler-kontakt/src/load.rs:69	absent	unverified (upstream unavailable)
crates/sampler-kontakt/src	Loaded	see dispatch; not declared	resources	Option<Resources>	crates/sampler-kontakt/src/load.rs:71	absent	unverified (upstream unavailable)
crates/sampler-kontakt/src	ArticulationMigration	see dispatch; not declared	switches_found	usize	crates/sampler-kontakt/src/load.rs:79	absent	unverified (upstream unavailable)
crates/sampler-kontakt/src	ArticulationMigration	see dispatch; not declared	migrated	usize	crates/sampler-kontakt/src/load.rs:82	absent	unverified (upstream unavailable)
crates/sampler-kontakt/src	ArticulationMigration	see dispatch; not declared	unrecognised	Vec<String>	crates/sampler-kontakt/src/load.rs:84	absent	unverified (upstream unavailable)
crates/sampler-kontakt/src	Group	see dispatch; not declared	object	Structured<'a>	crates/sampler-kontakt/src/mapping.rs:6	absent	unverified (upstream unavailable)
crates/sampler-kontakt/src	Group	see dispatch; not declared	name	Bytes<'a>	crates/sampler-kontakt/src/mapping.rs:9	absent	unverified (upstream unavailable)
crates/sampler-kontakt/src	Group	see dispatch; not declared	gain	f32	crates/sampler-kontakt/src/mapping.rs:10	absent	unverified (upstream unavailable)
crates/sampler-kontakt/src	Group	see dispatch; not declared	pan	f32	crates/sampler-kontakt/src/mapping.rs:11	absent	unverified (upstream unavailable)
crates/sampler-kontakt/src	Group	see dispatch; not declared	tune	f32	crates/sampler-kontakt/src/mapping.rs:13	absent	unverified (upstream unavailable)
crates/sampler-kontakt/src	Group	see dispatch; not declared	key_tracking	bool	crates/sampler-kontakt/src/mapping.rs:14	absent	unverified (upstream unavailable)
crates/sampler-kontakt/src	Group	see dispatch; not declared	reverse	bool	crates/sampler-kontakt/src/mapping.rs:15	absent	unverified (upstream unavailable)
crates/sampler-kontakt/src	Group	see dispatch; not declared	release_trigger	bool	crates/sampler-kontakt/src/mapping.rs:16	absent	unverified (upstream unavailable)
crates/sampler-kontakt/src	Group	see dispatch; not declared	release_monophonic	bool	crates/sampler-kontakt/src/mapping.rs:17	absent	unverified (upstream unavailable)
crates/sampler-kontakt/src	Group	see dispatch; not declared	release_counter	i32	crates/sampler-kontakt/src/mapping.rs:18	absent	unverified (upstream unavailable)
crates/sampler-kontakt/src	Group	see dispatch; not declared	midi_channel	i16	crates/sampler-kontakt/src/mapping.rs:19	absent	unverified (upstream unavailable)
crates/sampler-kontakt/src	Group	see dispatch; not declared	voice_group	i32	crates/sampler-kontakt/src/mapping.rs:20	absent	unverified (upstream unavailable)
crates/sampler-kontakt/src	Group	see dispatch; not declared	amp_split	i32	crates/sampler-kontakt/src/mapping.rs:21	absent	unverified (upstream unavailable)
crates/sampler-kontakt/src	Group	see dispatch; not declared	muted	bool	crates/sampler-kontakt/src/mapping.rs:22	absent	unverified (upstream unavailable)
crates/sampler-kontakt/src	Group	see dispatch; not declared	soloed	bool	crates/sampler-kontakt/src/mapping.rs:23	absent	unverified (upstream unavailable)
crates/sampler-kontakt/src	Group	see dispatch; not declared	interpolation	i32	crates/sampler-kontakt/src/mapping.rs:24	absent	unverified (upstream unavailable)
crates/sampler-kontakt/src	Group	see dispatch; not declared	extension	Bytes<'a>	crates/sampler-kontakt/src/mapping.rs:25	absent	unverified (upstream unavailable)
crates/sampler-kontakt/src	Zone	see dispatch; not declared	object	Structured<'a>	crates/sampler-kontakt/src/mapping.rs:69	absent	unverified (upstream unavailable)
crates/sampler-kontakt/src	Zone	see dispatch; not declared	group	u32	crates/sampler-kontakt/src/mapping.rs:71	absent	unverified (upstream unavailable)
crates/sampler-kontakt/src	Zone	see dispatch; not declared	start	i32	crates/sampler-kontakt/src/mapping.rs:72	absent	unverified (upstream unavailable)
crates/sampler-kontakt/src	Zone	see dispatch; not declared	end	i32	crates/sampler-kontakt/src/mapping.rs:74	absent	unverified (upstream unavailable)
crates/sampler-kontakt/src	Zone	see dispatch; not declared	start_modulation	i32	crates/sampler-kontakt/src/mapping.rs:75	absent	unverified (upstream unavailable)
crates/sampler-kontakt/src	Zone	see dispatch; not declared	velocity	[i16; 2]	crates/sampler-kontakt/src/mapping.rs:76	absent	unverified (upstream unavailable)
crates/sampler-kontakt/src	Zone	see dispatch; not declared	keys	[i16; 2]	crates/sampler-kontakt/src/mapping.rs:77	absent	unverified (upstream unavailable)
crates/sampler-kontakt/src	Zone	see dispatch; not declared	fades	[i16; 4]	crates/sampler-kontakt/src/mapping.rs:79	absent	unverified (upstream unavailable)
crates/sampler-kontakt/src	Zone	see dispatch; not declared	root_key	i16	crates/sampler-kontakt/src/mapping.rs:80	absent	unverified (upstream unavailable)
crates/sampler-kontakt/src	Zone	see dispatch; not declared	gain	f32	crates/sampler-kontakt/src/mapping.rs:81	absent	unverified (upstream unavailable)
crates/sampler-kontakt/src	Zone	see dispatch; not declared	pan	f32	crates/sampler-kontakt/src/mapping.rs:82	absent	unverified (upstream unavailable)
crates/sampler-kontakt/src	Zone	see dispatch; not declared	tune	f32	crates/sampler-kontakt/src/mapping.rs:83	absent	unverified (upstream unavailable)
crates/sampler-kontakt/src	Zone	see dispatch; not declared	filename_prefix	Option<Bytes<'a>>	crates/sampler-kontakt/src/mapping.rs:84	absent	unverified (upstream unavailable)
crates/sampler-kontakt/src	Zone	see dispatch; not declared	filename_id	i32	crates/sampler-kontakt/src/mapping.rs:85	absent	unverified (upstream unavailable)
crates/sampler-kontakt/src	Zone	see dispatch; not declared	metadata	Bytes<'a>	crates/sampler-kontakt/src/mapping.rs:87	absent	unverified (upstream unavailable)
crates/sampler-kontakt/src	LoopSlot	see dispatch; not declared	slot	u8	crates/sampler-kontakt/src/mapping.rs:127	absent	unverified (upstream unavailable)
crates/sampler-kontakt/src	LoopSlot	see dispatch; not declared	raw	Bytes<'a>	crates/sampler-kontakt/src/mapping.rs:129	absent	unverified (upstream unavailable)
crates/sampler-kontakt/src	LoopSlot	see dispatch; not declared	object	Option<Structured<'a>>	crates/sampler-kontakt/src/mapping.rs:130	absent	unverified (upstream unavailable)
crates/sampler-kontakt/src	LoopSlot	see dispatch; not declared	mode	i32	crates/sampler-kontakt/src/mapping.rs:131	absent	unverified (upstream unavailable)
crates/sampler-kontakt/src	LoopSlot	see dispatch; not declared	start	i32	crates/sampler-kontakt/src/mapping.rs:132	absent	unverified (upstream unavailable)
crates/sampler-kontakt/src	LoopSlot	see dispatch; not declared	length	i32	crates/sampler-kontakt/src/mapping.rs:133	absent	unverified (upstream unavailable)
crates/sampler-kontakt/src	LoopSlot	see dispatch; not declared	count	i32	crates/sampler-kontakt/src/mapping.rs:134	absent	unverified (upstream unavailable)
crates/sampler-kontakt/src	LoopSlot	see dispatch; not declared	alternating	bool	crates/sampler-kontakt/src/mapping.rs:135	absent	unverified (upstream unavailable)
crates/sampler-kontakt/src	LoopSlot	see dispatch; not declared	tune	f32	crates/sampler-kontakt/src/mapping.rs:136	absent	unverified (upstream unavailable)
crates/sampler-kontakt/src	LoopSlot	see dispatch; not declared	crossfade	i32	crates/sampler-kontakt/src/mapping.rs:137	absent	unverified (upstream unavailable)
crates/sampler-kontakt/src	LoopSlot	see dispatch; not declared	extension	Bytes<'a>	crates/sampler-kontakt/src/mapping.rs:138	absent	unverified (upstream unavailable)
crates/sampler-kontakt/src	Loops	see dispatch; not declared	raw	tuple/unit (see source)	crates/sampler-kontakt/src/mapping.rs:144	absent	unverified (upstream unavailable)
crates/sampler-kontakt/src	FilenameSegment	see dispatch; not declared	kind	u8	crates/sampler-kontakt/src/metadata.rs:16	absent	unverified (upstream unavailable)
crates/sampler-kontakt/src	FilenameSegment	see dispatch; not declared	text	Option<Bytes<'a>>	crates/sampler-kontakt/src/metadata.rs:18	absent	unverified (upstream unavailable)
crates/sampler-kontakt/src	Filename	see dispatch; not declared	raw	Bytes<'a>	crates/sampler-kontakt/src/metadata.rs:33	absent	unverified (upstream unavailable)
crates/sampler-kontakt/src	FilenameEntry	see dispatch; not declared	filename	Filename<'a>	crates/sampler-kontakt/src/metadata.rs:66	absent	unverified (upstream unavailable)
crates/sampler-kontakt/src	FilenameEntry	see dispatch; not declared	timestamp	Option<u64>	crates/sampler-kontakt/src/metadata.rs:69	absent	unverified (upstream unavailable)
crates/sampler-kontakt/src	FilenameEntry	see dispatch; not declared	unknown_record	Option<u32>	crates/sampler-kontakt/src/metadata.rs:71	absent	unverified (upstream unavailable)
crates/sampler-kontakt/src	FilenameEntry	see dispatch; not declared	prefix	Option<Bytes<'a>>	crates/sampler-kontakt/src/metadata.rs:73	absent	unverified (upstream unavailable)
crates/sampler-kontakt/src	FilenameEntry	see dispatch; not declared	suffix	Option<Bytes<'a>>	crates/sampler-kontakt/src/metadata.rs:74	absent	unverified (upstream unavailable)
crates/sampler-kontakt/src	FileTable	see dispatch; not declared	version	u16	crates/sampler-kontakt/src/metadata.rs:78	absent	unverified (upstream unavailable)
crates/sampler-kontakt/src	FileTable	see dispatch; not declared	special	Vec<Filename<'a>>	crates/sampler-kontakt/src/metadata.rs:80	absent	unverified (upstream unavailable)
crates/sampler-kontakt/src	FileTable	see dispatch; not declared	samples	Vec<FilenameEntry<'a>>	crates/sampler-kontakt/src/metadata.rs:81	absent	unverified (upstream unavailable)
crates/sampler-kontakt/src	FileTable	see dispatch; not declared	other	Vec<Filename<'a>>	crates/sampler-kontakt/src/metadata.rs:82	absent	unverified (upstream unavailable)
crates/sampler-kontakt/src	FileTable	see dispatch; not declared	flat	Vec<FilenameEntry<'a>>	crates/sampler-kontakt/src/metadata.rs:84	absent	unverified (upstream unavailable)
crates/sampler-kontakt/src	FileTable	see dispatch; not declared	extension	Bytes<'a>	crates/sampler-kontakt/src/metadata.rs:85	absent	unverified (upstream unavailable)
crates/sampler-kontakt/src	SaveSettings	see dispatch; not declared	object	Structured<'a>	crates/sampler-kontakt/src/metadata.rs:181	absent	unverified (upstream unavailable)
crates/sampler-kontakt/src	SaveSettings	see dispatch; not declared	translated	SavedFilename<'a>	crates/sampler-kontakt/src/metadata.rs:183	absent	unverified (upstream unavailable)
crates/sampler-kontakt/src	SaveSettings	see dispatch; not declared	original	SavedFilename<'a>	crates/sampler-kontakt/src/metadata.rs:184	absent	unverified (upstream unavailable)
crates/sampler-kontakt/src	SaveSettings	see dispatch; not declared	unknown	i32	crates/sampler-kontakt/src/metadata.rs:185	absent	unverified (upstream unavailable)
crates/sampler-kontakt/src	SaveSettings	see dispatch; not declared	flags	[bool; 3]	crates/sampler-kontakt/src/metadata.rs:186	absent	unverified (upstream unavailable)
crates/sampler-kontakt/src	SaveSettings	see dispatch; not declared	extension	Bytes<'a>	crates/sampler-kontakt/src/metadata.rs:187	absent	unverified (upstream unavailable)
crates/sampler-kontakt/src	QuickBrowse	see dispatch; not declared	object	Structured<'a>	crates/sampler-kontakt/src/metadata.rs:213	absent	unverified (upstream unavailable)
crates/sampler-kontakt/src	QuickBrowse	see dispatch; not declared	unknown	i32	crates/sampler-kontakt/src/metadata.rs:215	absent	unverified (upstream unavailable)
crates/sampler-kontakt/src	QuickBrowse	see dispatch; not declared	extension	Bytes<'a>	crates/sampler-kontakt/src/metadata.rs:216	absent	unverified (upstream unavailable)
crates/sampler-kontakt/src	Bank	see dispatch; not declared	object	Structured<'a>	crates/sampler-kontakt/src/metadata.rs:238	absent	unverified (upstream unavailable)
crates/sampler-kontakt/src	Bank	see dispatch; not declared	volume	f32	crates/sampler-kontakt/src/metadata.rs:240	absent	unverified (upstream unavailable)
crates/sampler-kontakt/src	Bank	see dispatch; not declared	tune	f32	crates/sampler-kontakt/src/metadata.rs:241	absent	unverified (upstream unavailable)
crates/sampler-kontakt/src	Bank	see dispatch; not declared	tempo	i32	crates/sampler-kontakt/src/metadata.rs:242	absent	unverified (upstream unavailable)
crates/sampler-kontakt/src	Bank	see dispatch; not declared	name	Bytes<'a>	crates/sampler-kontakt/src/metadata.rs:243	absent	unverified (upstream unavailable)
crates/sampler-kontakt/src	Bank	see dispatch; not declared	extension	Bytes<'a>	crates/sampler-kontakt/src/metadata.rs:244	absent	unverified (upstream unavailable)
crates/sampler-kontakt/src	ProgramList	see dispatch; not declared	raw	tuple/unit (see source)	crates/sampler-kontakt/src/metadata.rs:269	absent	unverified (upstream unavailable)
crates/sampler-kontakt/src	SlotList	see dispatch; not declared	raw	tuple/unit (see source)	crates/sampler-kontakt/src/metadata.rs:291	absent	unverified (upstream unavailable)
crates/sampler-kontakt/src	Item	see dispatch; not declared	flags	u32	crates/sampler-kontakt/src/nis.rs:22	absent	unverified (upstream unavailable)
crates/sampler-kontakt/src	Item	see dispatch; not declared	reserved	u32	crates/sampler-kontakt/src/nis.rs:23	absent	unverified (upstream unavailable)
crates/sampler-kontakt/src	Item	see dispatch; not declared	uuid	Bytes<'a>	crates/sampler-kontakt/src/nis.rs:24	absent	unverified (upstream unavailable)
crates/sampler-kontakt/src	Item	see dispatch; not declared	trailing	Bytes<'a>	crates/sampler-kontakt/src/nis.rs:25	absent	unverified (upstream unavailable)
crates/sampler-kontakt/src	Child	see dispatch; not declared	descriptor	Bytes<'a>	crates/sampler-kontakt/src/nis.rs:156	absent	unverified (upstream unavailable)
crates/sampler-kontakt/src	Child	see dispatch; not declared	item	Item<'a>	crates/sampler-kontakt/src/nis.rs:157	absent	unverified (upstream unavailable)
crates/sampler-kontakt/src	Layer	see dispatch; not declared	domain	[u8; 4]	crates/sampler-kontakt/src/nis.rs:165	absent	unverified (upstream unavailable)
crates/sampler-kontakt/src	Layer	see dispatch; not declared	id	u32	crates/sampler-kontakt/src/nis.rs:166	absent	unverified (upstream unavailable)
crates/sampler-kontakt/src	Layer	see dispatch; not declared	properties	Bytes<'a>	crates/sampler-kontakt/src/nis.rs:167	absent	unverified (upstream unavailable)
crates/sampler-kontakt/src	Nks42	see dispatch; not declared	header	Bytes<'a>	crates/sampler-kontakt/src/nks.rs:7	absent	unverified (upstream unavailable)
crates/sampler-kontakt/src	Nks42	see dispatch; not declared	metadata	Bytes<'a>	crates/sampler-kontakt/src/nks.rs:9	absent	unverified (upstream unavailable)
crates/sampler-kontakt/src	Decoded	see dispatch; not declared	rate	u32	crates/sampler-kontakt/src/samples.rs:16	absent	unverified (upstream unavailable)
crates/sampler-kontakt/src	Decoded	see dispatch; not declared	frames	Vec<[f32; 2]>	crates/sampler-kontakt/src/samples.rs:18	absent	unverified (upstream unavailable)
crates/sampler-kontakt/src	Script	see dispatch; not declared	object	Structured<'a>	crates/sampler-kontakt/src/script.rs:7	absent	unverified (upstream unavailable)
crates/sampler-kontakt/src	Script	see dispatch; not declared	text	Option<Bytes<'a>>	crates/sampler-kontakt/src/script.rs:9	absent	unverified (upstream unavailable)
crates/sampler-kontakt/src	Script	see dispatch; not declared	source_editor_open	bool	crates/sampler-kontakt/src/script.rs:10	absent	unverified (upstream unavailable)
crates/sampler-kontakt/src	Script	see dispatch; not declared	touched_but_not_applied	bool	crates/sampler-kontakt/src/script.rs:11	absent	unverified (upstream unavailable)
crates/sampler-kontakt/src	Script	see dispatch; not declared	bypass	bool	crates/sampler-kontakt/src/script.rs:12	absent	unverified (upstream unavailable)
crates/sampler-kontakt/src	Script	see dispatch; not declared	password_hash	Bytes<'a>	crates/sampler-kontakt/src/script.rs:13	absent	unverified (upstream unavailable)
crates/sampler-kontakt/src	Script	see dispatch; not declared	description	Option<Bytes<'a>>	crates/sampler-kontakt/src/script.rs:14	absent	unverified (upstream unavailable)
crates/sampler-kontakt/src	Script	see dispatch; not declared	textfile_name	Option<Bytes<'a>>	crates/sampler-kontakt/src/script.rs:15	absent	unverified (upstream unavailable)
crates/sampler-kontakt/src	Script	see dispatch; not declared	persistent	Option<Strings<'a>>	crates/sampler-kontakt/src/script.rs:17	absent	unverified (upstream unavailable)
crates/sampler-kontakt/src	Script	see dispatch; not declared	extension	Bytes<'a>	crates/sampler-kontakt/src/script.rs:19	absent	unverified (upstream unavailable)
crates/sampler-kontakt/src	GroupState	see dispatch; not declared	volume	f32	crates/sampler-kontakt/src/snapshot.rs:14	absent	unverified (upstream unavailable)
crates/sampler-kontakt/src	GroupState	see dispatch; not declared	pan	f32	crates/sampler-kontakt/src/snapshot.rs:16	absent	unverified (upstream unavailable)
crates/sampler-kontakt/src	GroupState	see dispatch; not declared	octaves	f32	crates/sampler-kontakt/src/snapshot.rs:18	absent	unverified (upstream unavailable)
crates/sampler-kontakt/src	GroupState	see dispatch; not declared	key_tracking	bool	crates/sampler-kontakt/src/snapshot.rs:19	absent	unverified (upstream unavailable)
crates/sampler-kontakt/src	GroupState	see dispatch; not declared	reverse	bool	crates/sampler-kontakt/src/snapshot.rs:20	absent	unverified (upstream unavailable)
crates/sampler-kontakt/src	GroupState	see dispatch; not declared	fx	(u16, Vec<Option<RackSlot>>)	crates/sampler-kontakt/src/snapshot.rs:22	absent	unverified (upstream unavailable)
crates/sampler-kontakt/src	SnapshotState	see dispatch; not declared	instrument	String	crates/sampler-kontakt/src/snapshot.rs:32	absent	unverified (upstream unavailable)
crates/sampler-kontakt/src	SnapshotState	see dispatch; not declared	persistent	Vec<Vec<String>>	crates/sampler-kontakt/src/snapshot.rs:34	absent	unverified (upstream unavailable)
crates/sampler-kontakt/src	SnapshotState	see dispatch; not declared	effects	Vec<(u16, Vec<u8>)>	crates/sampler-kontakt/src/snapshot.rs:37	absent	unverified (upstream unavailable)
crates/sampler-kontakt/src	SnapshotState	see dispatch; not declared	groups	Vec<GroupState>	crates/sampler-kontakt/src/snapshot.rs:39	absent	unverified (upstream unavailable)
crates/sampler-kontakt/src	StreamReport	see dispatch; not declared	latency_p50	Duration	crates/sampler-kontakt/src/stream.rs:236	absent	unverified (upstream unavailable)
crates/sampler-kontakt/src	StreamReport	see dispatch; not declared	latency_p95	Duration	crates/sampler-kontakt/src/stream.rs:237	absent	unverified (upstream unavailable)
crates/sampler-kontakt/src	StreamReport	see dispatch; not declared	latency_p99	Duration	crates/sampler-kontakt/src/stream.rs:238	absent	unverified (upstream unavailable)
crates/sampler-kontakt/src	StreamReport	see dispatch; not declared	head_frames	usize	crates/sampler-kontakt/src/stream.rs:241	absent	unverified (upstream unavailable)
crates/sampler-kontakt/src	StreamReport	see dispatch; not declared	head_bytes	usize	crates/sampler-kontakt/src/stream.rs:242	absent	unverified (upstream unavailable)
crates/sampler-kontakt/src	StreamReport	see dispatch; not declared	full_bytes	u64	crates/sampler-kontakt/src/stream.rs:244	absent	unverified (upstream unavailable)
crates/sampler-kontakt/src	StreamReport	see dispatch; not declared	pool_pages	usize	crates/sampler-kontakt/src/stream.rs:245	absent	unverified (upstream unavailable)
crates/sampler-kontakt/src	StreamReport	see dispatch; not declared	pool_bytes	usize	crates/sampler-kontakt/src/stream.rs:246	absent	unverified (upstream unavailable)
crates/sampler-kontakt/src	StreamPolicy	see dispatch; not declared	headroom	f64	crates/sampler-kontakt/src/stream.rs:254	absent	unverified (upstream unavailable)
crates/sampler-kontakt/src	StreamPolicy	see dispatch; not declared	max_step	f64	crates/sampler-kontakt/src/stream.rs:256	absent	unverified (upstream unavailable)
crates/sampler-kontakt/src	StreamPolicy	see dispatch; not declared	slack	Duration	crates/sampler-kontakt/src/stream.rs:259	absent	unverified (upstream unavailable)
crates/sampler-kontakt/src	StreamPolicy	see dispatch; not declared	block_frames	usize	crates/sampler-kontakt/src/stream.rs:263	absent	unverified (upstream unavailable)
crates/sampler-kontakt/src	StreamPolicy	see dispatch; not declared	voices	usize	crates/sampler-kontakt/src/stream.rs:265	absent	unverified (upstream unavailable)
crates/sampler-kontakt/src	StreamPolicy	see dispatch; not declared	decoders	usize	crates/sampler-kontakt/src/stream.rs:267	absent	unverified (upstream unavailable)
crates/sampler-kontakt/src	Streamed	see dispatch; not declared	loaded	crate::Loaded	crates/sampler-kontakt/src/stream.rs:653	absent	unverified (upstream unavailable)
crates/sampler-kontakt/src	Streamed	see dispatch; not declared	assets	Vec<Pcm>	crates/sampler-kontakt/src/stream.rs:655	absent	unverified (upstream unavailable)
crates/sampler-kontakt/src	Streamed	see dispatch; not declared	cache	StreamCache	crates/sampler-kontakt/src/stream.rs:656	absent	unverified (upstream unavailable)
crates/sampler-kontakt/src	Streamed	see dispatch; not declared	streamer	Streamer	crates/sampler-kontakt/src/stream.rs:657	absent	unverified (upstream unavailable)
crates/sampler-kontakt/src	Streamed	see dispatch; not declared	report	StreamReport	crates/sampler-kontakt/src/stream.rs:658	absent	unverified (upstream unavailable)
