bank,programs,real_lua_xml_execution,ui_apis,assets_fonts_filmstrips,script_positions,ordering_visibility_tabs,callbacks_values_persistence,first_present_interaction,v1_comparison,admission
Augmented Orchestra.ufs,620,UNKNOWN,UNKNOWN,UNKNOWN,UNKNOWN,UNKNOWN,UNKNOWN,UNKNOWN,UNAVAILABLE-NO-THIRD-PARTY,PARKED-PROTECTED-PAYLOAD
VWinds-AClarinet.ufs,1,UNKNOWN,UNKNOWN,UNKNOWN,UNKNOWN,UNKNOWN,UNKNOWN,UNKNOWN,UNAVAILABLE-NO-THIRD-PARTY,PARKED-PROTECTED-PAYLOAD
VWinds-AClarinet_V2.ufs,1,UNKNOWN,UNKNOWN,UNKNOWN,UNKNOWN,UNKNOWN,UNKNOWN,UNKNOWN,UNAVAILABLE-NO-THIRD-PARTY,PARKED-PROTECTED-PAYLOAD
VWinds-BassClarinet.ufs,2,UNKNOWN,UNKNOWN,UNKNOWN,UNKNOWN,UNKNOWN,UNKNOWN,UNKNOWN,UNAVAILABLE-NO-THIRD-PARTY,PARKED-PROTECTED-PAYLOAD
VWinds-BassClarinet_V2.ufs,2,UNKNOWN,UNKNOWN,UNKNOWN,UNKNOWN,UNKNOWN,UNKNOWN,UNKNOWN,UNAVAILABLE-NO-THIRD-PARTY,PARKED-PROTECTED-PAYLOAD
VWinds-BassetHorn.ufs,1,UNKNOWN,UNKNOWN,UNKNOWN,UNKNOWN,UNKNOWN,UNKNOWN,UNKNOWN,UNAVAILABLE-NO-THIRD-PARTY,PARKED-PROTECTED-PAYLOAD
VWinds-BassetHorn_V2.ufs,1,UNKNOWN,UNKNOWN,UNKNOWN,UNKNOWN,UNKNOWN,UNKNOWN,UNKNOWN,UNAVAILABLE-NO-THIRD-PARTY,PARKED-PROTECTED-PAYLOAD
VWinds-BbClarinet.ufs,2,UNKNOWN,UNKNOWN,UNKNOWN,UNKNOWN,UNKNOWN,UNKNOWN,UNKNOWN,UNAVAILABLE-NO-THIRD-PARTY,PARKED-PROTECTED-PAYLOAD
VWinds-BbClarinet_V2.ufs,2,UNKNOWN,UNKNOWN,UNKNOWN,UNKNOWN,UNKNOWN,UNKNOWN,UNKNOWN,UNAVAILABLE-NO-THIRD-PARTY,PARKED-PROTECTED-PAYLOAD
VWinds-ContrabassClarinet.ufs,1,UNKNOWN,UNKNOWN,UNKNOWN,UNKNOWN,UNKNOWN,UNKNOWN,UNKNOWN,UNAVAILABLE-NO-THIRD-PARTY,PARKED-PROTECTED-PAYLOAD
VWinds-ContrabassClarinet_V2.ufs,1,UNKNOWN,UNKNOWN,UNKNOWN,UNKNOWN,UNKNOWN,UNKNOWN,UNKNOWN,UNAVAILABLE-NO-THIRD-PARTY,PARKED-PROTECTED-PAYLOAD
VWinds-EBClarinet.ufs,1,UNKNOWN,UNKNOWN,UNKNOWN,UNKNOWN,UNKNOWN,UNKNOWN,UNKNOWN,UNAVAILABLE-NO-THIRD-PARTY,PARKED-PROTECTED-PAYLOAD
VWinds-EBClarinet_V2.ufs,1,UNKNOWN,UNKNOWN,UNKNOWN,UNKNOWN,UNKNOWN,UNKNOWN,UNKNOWN,UNAVAILABLE-NO-THIRD-PARTY,PARKED-PROTECTED-PAYLOAD
VWinds-Bassoon.ufs,2,UNKNOWN,UNKNOWN,UNKNOWN,UNKNOWN,UNKNOWN,UNKNOWN,UNKNOWN,UNAVAILABLE-NO-THIRD-PARTY,PARKED-PROTECTED-PAYLOAD
VWinds-Bassoon_V2.ufs,2,UNKNOWN,UNKNOWN,UNKNOWN,UNKNOWN,UNKNOWN,UNKNOWN,UNKNOWN,UNAVAILABLE-NO-THIRD-PARTY,PARKED-PROTECTED-PAYLOAD
VWinds-Contrabassoon.ufs,1,UNKNOWN,UNKNOWN,UNKNOWN,UNKNOWN,UNKNOWN,UNKNOWN,UNKNOWN,UNAVAILABLE-NO-THIRD-PARTY,PARKED-PROTECTED-PAYLOAD
VWinds-Contrabassoon_V2.ufs,1,UNKNOWN,UNKNOWN,UNKNOWN,UNKNOWN,UNKNOWN,UNKNOWN,UNKNOWN,UNAVAILABLE-NO-THIRD-PARTY,PARKED-PROTECTED-PAYLOAD
VWinds-EnglishHorn.ufs,2,UNKNOWN,UNKNOWN,UNKNOWN,UNKNOWN,UNKNOWN,UNKNOWN,UNKNOWN,UNAVAILABLE-NO-THIRD-PARTY,PARKED-PROTECTED-PAYLOAD
VWinds-EnglishHorn_V2.ufs,2,UNKNOWN,UNKNOWN,UNKNOWN,UNKNOWN,UNKNOWN,UNKNOWN,UNKNOWN,UNAVAILABLE-NO-THIRD-PARTY,PARKED-PROTECTED-PAYLOAD
VWinds-Oboe.ufs,2,UNKNOWN,UNKNOWN,UNKNOWN,UNKNOWN,UNKNOWN,UNKNOWN,UNKNOWN,UNAVAILABLE-NO-THIRD-PARTY,PARKED-PROTECTED-PAYLOAD
VWinds-Oboe_V2.ufs,3,UNKNOWN,UNKNOWN,UNKNOWN,UNKNOWN,UNKNOWN,UNKNOWN,UNKNOWN,UNAVAILABLE-NO-THIRD-PARTY,PARKED-PROTECTED-PAYLOAD
VWinds-Alto_Flute.ufs,2,UNKNOWN,UNKNOWN,UNKNOWN,UNKNOWN,UNKNOWN,UNKNOWN,UNKNOWN,UNAVAILABLE-NO-THIRD-PARTY,PARKED-PROTECTED-PAYLOAD
VWinds-Bass_Flute.ufs,2,UNKNOWN,UNKNOWN,UNKNOWN,UNKNOWN,UNKNOWN,UNKNOWN,UNKNOWN,UNAVAILABLE-NO-THIRD-PARTY,PARKED-PROTECTED-PAYLOAD
VWinds-C_Flute.ufs,2,UNKNOWN,UNKNOWN,UNKNOWN,UNKNOWN,UNKNOWN,UNKNOWN,UNKNOWN,UNAVAILABLE-NO-THIRD-PARTY,PARKED-PROTECTED-PAYLOAD
VWinds-Contrabass_Flute.ufs,1,UNKNOWN,UNKNOWN,UNKNOWN,UNKNOWN,UNKNOWN,UNKNOWN,UNKNOWN,UNAVAILABLE-NO-THIRD-PARTY,PARKED-PROTECTED-PAYLOAD
VWinds-Piccolo.ufs,2,UNKNOWN,UNKNOWN,UNKNOWN,UNKNOWN,UNKNOWN,UNKNOWN,UNKNOWN,UNAVAILABLE-NO-THIRD-PARTY,PARKED-PROTECTED-PAYLOAD
