category	module	instances	containers	nki	nkm	uvi_program
external_saved	Constant	21719	90	38	52	0
external_saved	KeyPosition	15445	70	18	52	0
external_saved	MidiCc(1)	66951	400	350	50	0
external_saved	MidiCc(100)	5160	39	36	3	0
external_saved	MidiCc(101)	2288	39	36	3	0
external_saved	MidiCc(11)	24270	396	396	0	0
external_saved	MidiCc(110)	107206	337	337	0	0
external_saved	MidiCc(111)	201063	371	368	3	0
external_saved	MidiCc(112)	23304	152	152	0	0
external_saved	MidiCc(113)	199551	365	364	1	0
external_saved	MidiCc(80)	6	3	3	0	0
external_saved	PitchBend	234565	795	742	53	0
external_saved	RandomBipolar	28050	51	1	50	0
external_saved	RandomUnipolar	9282	51	1	50	0
external_saved	ReleaseTriggerCounter	3404	60	58	2	0
external_saved	Script(0)	37383	51	1	50	0
external_saved	Script(1)	9298	83	83	0	0
external_saved	Script(3)	6952	41	41	0	0
external_saved	Script(4)	32	2	2	0	0
external_saved	Unassigned	54654	240	240	0	0
external_saved	Velocity	524853	737	684	53	0
files	kontakt	781	781	781	0	0
files	kontakt-multi	53	53	0	53	0
internal_disabled	AHDSR	505	1	1	0	0
internal_disabled	LFO:5	2180	1	1	0	0
internal_enabled	AHDSR	236192	834	781	53	0
internal_enabled	Flex	6884	176	174	2	0
internal_enabled	LFO:5	3832	2	2	0	0
internal_enabled	LFO:6	9282	51	1	50	0
programs	IR not attempted	890	834	781	53	0
programs	parsed	890	834	781	53	0
slot_bypassed	0x10	6	4	4	0	0
slot_bypassed	0x11	3	3	3	0	0
slot_bypassed	0x12	3	3	3	0	0
slot_bypassed	0x13	4	1	1	0	0
slot_bypassed	0x14	4	4	4	0	0
slot_bypassed	0x15	4	1	1	0	0
slot_bypassed	0x16	10	7	5	2	0
slot_bypassed	0x17	3	3	3	0	0
slot_bypassed	0x19	13	7	7	0	0
slot_bypassed	0x1a	576	4	4	0	0
slot_bypassed	0x1d	471	4	4	0	0
slot_bypassed	0x1e	478	4	4	0	0
slot_bypassed	0x1f	6	3	3	0	0
slot_bypassed	0x20	209	4	4	0	0
slot_bypassed	0x21	6	3	3	0	0
slot_bypassed	0x22	3	3	3	0	0
slot_bypassed	0x42	9	3	3	0	0
slot_bypassed	0x43	3	3	3	0	0
slot_bypassed	0x44	30	3	3	0	0
slot_bypassed	0x46	3	3	3	0	0
slot_bypassed	0x4c	3	3	3	0	0
slot_bypassed	0x4d	4	1	1	0	0
slot_bypassed	0x59	1	1	1	0	0
slot_bypassed	Filter:100	167	1	1	0	0
slot_bypassed	Filter:101	1	1	0	1	0
slot_bypassed	Filter:102	1	1	1	0	0
slot_bypassed	Filter:103	1	1	1	0	0
slot_bypassed	Filter:106	16	1	1	0	0
slot_bypassed	Filter:13	10	1	1	0	0
slot_bypassed	Filter:19	2	2	2	0	0
slot_bypassed	Filter:2	264	3	3	0	0
slot_bypassed	Filter:22	5604	348	348	0	0
slot_bypassed	Filter:23	1800	65	65	0	0
slot_bypassed	Filter:24	583	22	22	0	0
slot_bypassed	Filter:30	17	1	1	0	0
slot_bypassed	Filter:33	438	52	2	50	0
slot_bypassed	Filter:35	1	1	1	0	0
slot_bypassed	Filter:39	8	7	0	7	0
slot_bypassed	Filter:41	4	1	1	0	0
slot_bypassed	Filter:50	6	3	3	0	0
slot_bypassed	Filter:51	12	3	3	0	0
slot_bypassed	Filter:52	120	51	1	50	0
slot_bypassed	Filter:53	14	13	0	13	0
slot_bypassed	Filter:54	12	12	0	12	0
slot_bypassed	Filter:6	18	3	3	0	0
slot_bypassed	Filter:70	51	29	0	29	0
slot_bypassed	Filter:71	1	1	1	0	0
slot_bypassed	Filter:90	192	1	1	0	0
slot_enabled	0x10	5	1	1	0	0
slot_enabled	0x11	1	1	1	0	0
slot_enabled	0x13	194	194	144	50	0
slot_enabled	0x16	477	415	367	48	0
slot_enabled	0x17	819	810	777	33	0
slot_enabled	0x19	1	1	1	0	0
slot_enabled	0x1a	1787	30	30	0	0
slot_enabled	0x1c	1	1	1	0	0
slot_enabled	0x1d	174	6	6	0	0
slot_enabled	0x1e	8	1	1	0	0
slot_enabled	0x1f	21619	363	363	0	0
slot_enabled	0x20	277	1	1	0	0
slot_enabled	0x21	80	1	1	0	0
slot_enabled	0x42	8	7	1	6	0
slot_enabled	0x44	41	15	3	12	0
slot_enabled	0x46	6	6	0	6	0
slot_enabled	0x59	376	373	370	3	0
slot_enabled	0x5a	18	18	0	18	0
slot_enabled	0x5b	5	5	0	5	0
slot_enabled	0x5c	9	9	0	9	0
slot_enabled	0x5d	6	6	0	6	0
slot_enabled	0x60	8	8	0	8	0
slot_enabled	0x63	19	19	0	19	0
slot_enabled	0x65	13	13	0	13	0
slot_enabled	0x66	7	7	0	7	0
slot_enabled	0x68	21	17	0	17	0
slot_enabled	0x69	7	7	0	7	0
slot_enabled	0x6a	9	9	0	9	0
slot_enabled	Filter:100	10	1	1	0	0
slot_enabled	Filter:101	24	23	0	23	0
slot_enabled	Filter:102	12	10	1	9	0
slot_enabled	Filter:103	1	1	1	0	0
slot_enabled	Filter:106	267	1	1	0	0
slot_enabled	Filter:2	4	1	1	0	0
slot_enabled	Filter:22	6736	186	186	0	0
slot_enabled	Filter:23	3921	139	139	0	0
slot_enabled	Filter:24	823	38	38	0	0
slot_enabled	Filter:3	556	20	20	0	0
slot_enabled	Filter:30	876	1	1	0	0
slot_enabled	Filter:32	1	1	1	0	0
slot_enabled	Filter:33	3593	52	2	50	0
slot_enabled	Filter:39	20	19	1	18	0
slot_enabled	Filter:41	1	1	1	0	0
slot_enabled	Filter:52	280	50	5	45	0
slot_enabled	Filter:53	19	13	0	13	0
slot_enabled	Filter:54	65	6	5	1	0
slot_enabled	Filter:55	20	1	1	0	0
slot_enabled	Filter:57	20	1	1	0	0
slot_enabled	Filter:6	6	3	3	0	0
slot_enabled	Filter:70	110	43	1	42	0
slot_enabled	Filter:71	8	4	1	3	0
slot_enabled	Filter:90	291	1	1	0	0
